field_id,date,NDVI,EVI,TCG,previous_ndvi,previous_evi,ndvi_change,evi_change,B2,B3,B4,B5,B6,B7,B8,B8A,B9,B11,B12,cloud_percentage
field_1,2024-02-28,0.092503022974607,0.0582502093961775,-0.02841897,0.1031116534472239,0.0614523108250609,-0.0106086304726169,-0.0032021014288833,1024,1230,1501,1439,1570,1643,1807,1732,1756,1991,1962,0.000508
field_1,2024-03-04,0.1214165261382799,0.0804589138046636,-0.0194197799999999,0.092503022974607,0.0582502093961775,0.0289135031636729,0.0222087044084861,1060,1285,1563,1569,1505,1788,1995,1753,1875,1989,1899,15.682623
field_1,2024-03-09,0.0986651189785258,0.065017019160898,-0.0257873899999999,0.1214165261382799,0.0804589138046636,-0.0227514071597541,-0.0154418946437656,1085,1242,1553,1527,1695,1747,1893,1697,1883,1978,1886,2.003109
field_1,2024-03-14,0.1180358829084041,0.0650386763328592,-0.0118046499999999,0.0986651189785258,0.065017019160898,0.0193707639298783,2.1657171961272925e-05,769,1047,1401,1470,1481,1588,1776,1675,1939,2044,1892,0.081241
field_1,2024-03-19,0.0806582141893714,0.0563534245542613,-0.0356221999999999,0.1180358829084041,0.0650386763328592,-0.0373776687190327,-0.0086852517785978,1195,1407,1704,1709,1709,1918,2003,1868,2051,2180,2116,0.000362
field_1,2024-04-08,0.088683351468988,0.0618783691443322,-0.0339866399999999,0.0806582141893714,0.0563534245542613,0.0080251372796165,0.0055249445900708,1184,1373,1675,1778,1677,1836,2001,1928,2128,2302,2225,0.000368
field_1,2024-04-18,0.0839572192513369,0.0587025612263974,-0.0355627499999999,0.088683351468988,0.0618783691443322,-0.0047261322176511,-0.0031758079179347,1191,1384,1713,1825,1845,2016,2027,2031,2249,2451,2346,13.275427
field_1,2024-05-08,0.0817496229260935,0.0515895678659813,-0.03321105,0.0839572192513369,0.0587025612263974,-0.0022075963252433,-0.0071129933604161,1039,1220,1522,1623,1633,1748,1793,1868,2024,2314,2249,0.000348
field_1,2024-05-13,0.0830878020035356,0.0605592062878495,-0.0416457,0.0817496229260935,0.0515895678659813,0.0013381790774421,0.0089696384218681,1271,1404,1556,1697,1723,1864,1838,1901,2065,2239,2145,3.504587
field_1,2024-05-18,0.0817682750650101,0.0551936654054686,-0.0371443299999999,0.0830878020035356,0.0605592062878495,-0.0013195269385255,-0.0053655408823808,1145,1327,1589,1702,1729,1822,1872,1944,2050,2287,2258,0.000355
field_1,2024-05-23,0.0646227832882476,0.0390072208715845,-0.0342163399999999,0.0817682750650101,0.0551936654054686,-0.0171454917767624,-0.016186444533884,977,1289,1556,1674,1665,1781,1771,1882,1968,2311,2117,0.025355
field_1,2024-05-28,0.0909599776098516,0.0630798493847288,-0.0355256699999999,0.0646227832882476,0.0390072208715845,0.026337194321604,0.0240726285131442,1175,1362,1624,1689,1728,1869,1949,1867,2070,2359,2311,0.000677
field_1,2024-06-02,0.0859181992863025,0.0558808826679997,-0.0306558199999999,0.0909599776098516,0.0630798493847288,-0.0050417783235491,-0.0071989667167291,1062,1320,1665,1807,1810,1950,1978,2009,2264,2477,2324,1.413648
field_1,2024-06-07,0.070188679245283,0.0477576172543649,-0.0378524099999999,0.0859181992863025,0.0558808826679997,-0.0157295200410194,-0.0081232654136347,1148,1466,1848,1937,1894,2048,2127,2138,2290,2616,2502,17.127565
field_1,2024-06-12,0.0703211517165005,0.0475317190014595,-0.0391584399999999,0.070188679245283,0.0477576172543649,0.0001324724712175,-0.0002258982529053,1153,1397,1679,1783,1833,1880,1933,1941,2152,2398,2288,0.20277
field_1,2024-06-17,0.0385044642857142,0.0233755674503692,-0.0409247099999999,0.0703211517165005,0.0475317190014595,-0.0318166874307862,-0.0241561515510903,992,1270,1723,1810,1632,1913,1861,1993,2146,2430,2405,6.899649
field_1,2024-09-15,0.092180217503884,0.0771096863628487,-0.0431317499999999,0.0385044642857142,0.0233755674503692,0.0536757532181697,0.0537341189124794,1478,1574,1753,1903,1979,2155,2109,2372,2315,2602,2335,8.940335
field_1,2024-10-05,0.0844854070660522,0.0557696207665788,-0.0341177599999999,0.092180217503884,0.0771096863628487,-0.0076948104378317,-0.0213400655962698,1117,1213,1490,1617,1673,1884,1765,1875,2077,2296,2161,0.02275
field_1,2024-10-10,0.1152238805970149,0.0729402872260015,-0.0205427999999999,0.0844854070660522,0.0557696207665788,0.0307384735309626,0.0171706664594227,1004,1164,1482,1663,1673,1862,1868,1951,1964,2177,2035,3e-05
field_1,2024-10-15,0.1186544342507645,0.0759890325107716,-0.0219257299999999,0.1152238805970149,0.0729402872260015,0.0034305536537495,0.00304874528477,1028,1144,1441,1559,1652,1811,1829,1837,1960,2246,2100,0.000418
field_1,2024-10-20,0.0788253477588871,0.0485436893203883,-0.0300919599999999,0.1186544342507645,0.0759890325107716,-0.0398290864918773,-0.0274453431903832,1007,1229,1490,1642,1599,1726,1745,1809,1897,2049,1894,2.06503
field_1,2024-10-25,0.0810149801284011,0.0517942303181924,-0.0319102199999999,0.0788253477588871,0.0485436893203883,0.0021896323695139,0.003250540997804,1066,1206,1503,1778,1579,1834,1768,1884,1946,2276,2092,9.3e-05
field_1,2024-10-30,0.1129129129129129,0.0690541781450872,-0.0187361899999999,0.0810149801284011,0.0517942303181924,0.0318979327845118,0.0172599478268948,947,1186,1477,1654,1589,1744,1853,1809,1906,2051,1891,4.6e-05
field_1,2024-11-04,0.048569178262011,0.0422316577637767,-0.0574720799999999,0.1129129129129129,0.0690541781450872,-0.0643437346509018,-0.0268225203813105,1589,1677,1812,1882,1929,1932,1997,2007,2048,2133,1969,0.019061
field_1,2024-11-09,0.0544805001488538,0.0396911464885264,-0.0461470399999999,0.048569178262011,0.0422316577637767,0.0059113218868427,-0.0025405112752502,1303,1435,1588,1702,1698,1761,1771,1779,1880,1992,1821,0.000199
field_1,2024-11-14,0.0279539581865163,0.0280673616680032,-0.0701868599999999,0.0544805001488538,0.0396911464885264,-0.0265265419623375,-0.0116237848205232,1867,1938,2069,2192,2149,2248,2188,2183,2229,2114,1866,2.204906
field_1,2024-11-19,0.0033571128829206,0.004765592422708,-0.0994634099999999,0.0279539581865163,0.0280673616680032,-0.0245968453035956,-0.0233017692452952,2433,2442,2375,2438,2399,2399,2391,2270,2332,1870,1694,0.330331
field_1,2024-11-24,0.098537825810553,0.0628115249017303,-0.02674088,0.0033571128829206,0.004765592422708,0.0951807129276323,0.0580459324790223,1053,1168,1418,1456,1474,1542,1728,1602,1674,1857,1777,0.000123
field_1,2024-11-29,0.0798996775349337,0.0432304590570719,-0.0257685399999999,0.098537825810553,0.0628115249017303,-0.0186381482756193,-0.0195810658446584,842,1077,1284,1489,1403,1398,1507,1406,1621,1807,1672,0.000302
field_1,2024-12-04,0.1244665718349928,0.0694058856191005,-0.0166448199999999,0.0798996775349337,0.0432304590570719,0.0445668943000591,0.0261754265620286,848,991,1231,1232,1292,1432,1581,1506,1538,1771,1713,0.000866
field_1,2024-12-09,0.083743842364532,0.0503753457131568,-0.0267802099999999,0.1244665718349928,0.0694058856191005,-0.0407227294704608,-0.0190305399059436,982,1181,1395,1463,1490,1548,1650,1645,1721,1693,1553,0.001798
field_1,2024-12-14,0.1412818745692625,0.0835404865723949,-0.0132059299999999,0.0926579031740942,0.0564166634131104,0.0486239713951683,0.0271238231592844,915,1027,1246,1290,1305,1329,1656,1425,1469,1688,1585,0.023527
field_1,2024-12-19,0.0486305198434879,0.0362032374849153,-0.04683028,0.1412818745692625,0.0835404865723949,-0.0926513547257746,-0.0473372490874796,1343,1536,1702,1839,1823,1835,1876,1771,1955,1805,1650,0.029907
field_10,2024-02-28,0.0157088122605363,0.0160406885758998,-0.0797179499999999,0.0432074737251848,0.0445496869481457,-0.0274986614646484,-0.0285089983722459,2038,2336,2569,2175,2203,2527,2651,2376,1601,2387,2067,0.000508
field_10,2024-03-04,0.0466222645099904,0.0473429951690821,-0.0657980699999999,0.0157088122605363,0.0160406885758998,0.030913452249454,0.0313023065931823,1979,2295,2505,2541,2236,2465,2750,2353,1729,2286,1987,15.682623
field_10,2024-03-09,0.0388204553938036,0.0410888546481766,-0.0701591699999999,0.0466222645099904,0.0473429951690821,-0.0078018091161868,-0.0062541405209055,2077,2282,2575,2215,2513,2442,2783,2554,1716,2442,2086,2.003109
field_10,2024-03-14,0.0254854368932038,0.0227207155222158,-0.0650269899999999,0.0388204553938036,0.0410888546481766,-0.0133350185005997,-0.0183681391259608,1750,2076,2409,2399,2285,2245,2535,2427,1687,2437,2098,0.081241
field_10,2024-03-19,0.0246042342170513,0.0234068805341848,-0.0722984399999999,0.0254854368932038,0.0227207155222158,-0.0008812026761525,0.000686165011969,1900,2238,2557,2454,2339,2546,2686,2386,1611,2531,2250,0.000362
field_10,2024-04-08,0.0454113623408702,0.0429300186808449,-0.0649444599999999,0.0246042342170513,0.0234068805341848,0.0208071281238189,0.01952313814666,1854,2153,2512,2624,2514,2632,2751,2501,1767,2701,2506,0.000368
field_10,2024-04-18,0.0059774186406907,0.0051186774854023,-0.0715148599999999,0.0454113623408702,0.0429300186808449,-0.0394339437001795,-0.0378113411954426,1674,1950,2245,2328,2201,2295,2272,2306,1570,2351,2146,13.275427
field_10,2024-05-08,0.037067376612738,0.031477166011617,-0.0617233499999999,0.0059774186406907,0.0051186774854023,0.0310899579720473,0.0263584885262147,1635,1965,2351,2416,2472,2434,2532,2533,1808,2772,2566,0.000348
field_10,2024-05-13,0.0798849302943129,0.069844832256317,-0.0467685099999999,0.037067376612738,0.031477166011617,0.0428175536815748,0.0383676662447,1599,1813,2079,2225,2297,2405,2440,2471,2021,2727,2428,3.504587
field_10,2024-05-18,0.0404040404040404,0.0360036003600359,-0.0634721999999999,0.0798849302943129,0.069844832256317,-0.0394808898902724,-0.033841231896281,1725,2039,2375,2451,2484,2598,2575,2638,1858,2778,2524,0.000355
field_10,2024-05-23,0.0451396178878857,0.0362612156783377,-0.05512581,0.0404040404040404,0.0360036003600359,0.0047355774838453,0.0002576153183017,1508,1944,2274,2394,2383,2538,2489,2561,1820,2842,2521,0.025355
field_10,2024-05-28,0.0689181229138032,0.0620338623590541,-0.0540317599999999,0.0451396178878857,0.0362612156783377,0.0237785050259174,0.0257726466807164,1707,2022,2371,2476,2566,2634,2722,2673,1891,2856,2691,0.000677
field_10,2024-06-02,0.0140995895056219,0.0140539386607842,-0.08382018,0.0689181229138032,0.0620338623590541,-0.0548185334081812,-0.0479799236982699,2048,2423,2762,2808,2667,2843,2841,2808,1859,2959,2610,1.413648
field_10,2024-06-07,-0.0100809783506858,-0.0115894668845234,-0.1097543499999999,0.0140995895056219,0.0140539386607842,-0.0241805678563078,-0.0256434055453076,2423,2724,3056,3000,2986,2892,2995,2933,2691,3006,2804,17.127565
field_10,2024-06-12,0.0251436781609195,0.0244960806270995,-0.0784660699999999,-0.0100809783506858,-0.0115894668845234,0.0352246565116053,0.0360855475116229,1980,2379,2714,2793,2805,2819,2854,2806,1956,2912,2655,0.20277
field_10,2024-06-17,-0.031853130393849,-0.0364570238137998,-0.1240360999999999,0.0251436781609195,0.0244960806270995,-0.0569968085547685,-0.0609531044408994,2519,2891,3288,3214,2922,3077,3085,3073,1877,3175,2960,6.899649
field_10,2024-09-15,0.0230664857530529,0.0201549162187796,-0.06295237,-0.031853130393849,-0.0364570238137998,0.0549196161469019,0.0566119400325795,1676,1933,2160,2158,2356,2344,2262,2740,2094,2399,1929,8.940335
field_10,2024-10-05,0.0427189048855322,0.0368951037547392,-0.0585005099999999,0.0230664857530529,0.0201549162187796,0.0196524191324793,0.0167401875359596,1615,1842,2028,2081,2267,2338,2209,2445,1861,2389,2082,0.02275
field_10,2024-10-10,0.0296108291032148,0.0260989523134856,-0.0625542699999999,0.0427189048855322,0.0368951037547392,-0.0131080757823173,-0.0107961514412536,1705,2003,2294,2303,2087,2181,2434,2408,1770,2361,2036,3e-05
field_10,2024-10-15,0.0352521195894689,0.0299878530215609,-0.0565689999999999,0.0296108291032148,0.0260989523134856,0.005641290486254,0.0038889007080752,1616,1860,2162,2103,2258,2189,2320,2204,1727,2291,1945,0.000418
field_10,2024-10-20,0.0646196150320806,0.0526355084366134,-0.0459833699999999,0.0352521195894689,0.0299878530215609,0.0293674954426116,0.0226476554150525,1490,1762,2041,2214,2109,2148,2323,2273,1735,2376,2106,2.06503
field_10,2024-10-25,0.0486939696871976,0.0296928461871238,-0.03664112,0.0646196150320806,0.0526355084366134,-0.0159256453448829,-0.0229426622494895,1035,1246,1475,1772,1693,1649,1626,1840,1534,1974,1722,9.3e-05
field_10,2024-10-30,0.0498384863867097,0.0392185343888445,-0.0491822799999999,0.0486939696871976,0.0296928461871238,0.001144516699512,0.0095256882017206,1448,1779,2059,2051,1954,2070,2275,2112,1678,2216,2005,4.6e-05
field_10,2024-11-04,0.0628957365977205,0.0661311082508544,-0.0616827,0.0498384863867097,0.0392185343888445,0.0130572502110108,0.0269125738620098,1943,2056,2220,2336,2352,2414,2518,2430,2019,2310,2077,0.019061
field_10,2024-11-09,0.0625662778366914,0.0507548711772549,-0.0462489099999999,0.0628957365977205,0.0661311082508544,-0.0003294587610291,-0.0153762370735994,1465,1629,1768,1863,2028,2039,2004,2040,1792,2018,1714,0.000199
field_10,2024-11-14,0.0529385374607447,0.0492878325884466,-0.0579711699999999,0.0625662778366914,0.0507548711772549,-0.0096277403759466,-0.0014670385888083,1739,1950,2111,2209,2242,2328,2347,2284,2040,2237,1944,2.204906
field_10,2024-11-19,0.0304901582400617,0.0421693178178712,-0.08871197,0.0529385374607447,0.0492878325884466,-0.0224483792206829,-0.0071185147705754,2450,2517,2512,2611,2605,2611,2670,2534,2380,2103,1786,0.330331
field_10,2024-11-24,0.0676579925650557,0.0538993089832181,-0.0449138499999999,0.0304901582400617,0.0421693178178712,0.037167834324994,0.0117299911653469,1437,1649,1881,1858,1821,2008,2154,2059,1592,2075,1946,0.000123
field_10,2024-11-29,0.0616605616605616,0.0399889139644454,-0.0331214299999999,0.0676579925650557,0.0538993089832181,-0.0059974309044941,-0.0139103950187726,1111,1284,1537,1575,1741,1685,1739,1732,1480,1907,1591,0.000302
field_10,2024-12-04,0.0444389884605941,0.0335234849607348,-0.0467068699999999,0.0616605616605616,0.0399889139644454,-0.0172215731999675,-0.0064654290037106,1374,1636,1946,1898,1828,1879,2127,1762,1412,1968,1808,0.000866
field_10,2024-12-09,0.0569897710667316,0.0443316156411033,-0.0426135699999999,0.0444389884605941,0.0335234849607348,0.0125507826061374,0.0108081306803684,1412,1665,1936,1890,2024,2036,2170,2068,1605,1997,1698,0.001798
field_10,2024-12-14,0.0638922888616891,0.0507683330091422,-0.0439111499999999,0.061512278142475,0.0485399639307778,0.002380010719214,0.0022283690783643,1439,1654,1912,1895,1756,2060,2173,1787,1413,2006,1831,0.023527
field_10,2024-12-19,0.0640346653827636,0.0500885022408013,-0.0427678799999999,0.0638922888616891,0.0507683330091422,0.0001423765210745,-0.0006798307683408,1413,1774,1944,2103,1997,1999,2210,2094,1820,2052,1720,0.029907
field_2,2024-02-28,0.2063091482649842,0.1429820725841714,-0.0043943199999999,0.2065217391304347,0.1500065792359313,-0.0002125908654505,-0.0070245066517599,1070,1080,1258,1671,1589,1936,1912,1740,1623,2135,1981,0.000508
field_2,2024-03-04,0.1900369003690037,0.1285946148404012,-0.0031431099999999,0.2063091482649842,0.1429820725841714,-0.0162722478959805,-0.0143874577437702,1043,1096,1317,1500,1591,1878,1935,1828,1647,2058,1811,15.682623
field_2,2024-03-09,0.2140011383039271,0.1784697171065123,-0.00902586,0.1900369003690037,0.1285946148404012,0.0239642379349234,0.0498751022661111,1318,1279,1381,1617,1589,1939,2133,1997,1745,2271,2158,2.003109
field_2,2024-03-14,0.191404011461318,0.1337873022231123,-0.00280939,0.2140011383039271,0.1784697171065123,-0.022597126842609,-0.0446824148833999,1075,1164,1411,1721,1727,1942,2079,2148,1851,2385,2098,0.081241
field_2,2024-03-19,0.174412247129579,0.1341125031531153,-0.01460432,0.191404011461318,0.1337873022231123,-0.016991764331739,0.0003252009300029,1242,1276,1510,1683,1807,2075,2148,1965,1830,2481,2361,0.000362
field_2,2024-04-08,0.1633795958120282,0.1389003891694957,-0.0211327899999999,0.174412247129579,0.1341125031531153,-0.0110326513175507,0.0047878860163803,1416,1546,1718,1863,2043,2396,2389,2462,2147,2578,2470,0.000368
field_2,2024-04-18,0.1840575698865209,0.1545002555643325,-0.0089181099999999,0.1633795958120282,0.1389003891694957,0.0206779740744926,0.0155998663948368,1363,1284,1474,1599,1698,1945,2139,1907,1777,2131,1752,13.275427
field_2,2024-05-08,0.1676829268292683,0.1525417013352351,-0.01895609,0.1840575698865209,0.1545002555643325,-0.0163746430572525,-0.0019585542290974,1537,1608,1911,2175,2299,2741,2681,2931,2377,3039,2881,0.000348
field_2,2024-05-13,0.1393011010052657,0.1196005096379104,-0.0302083899999999,0.1676829268292683,0.1525417013352351,-0.0283818258240026,-0.0329411916973246,1467,1585,1798,2032,2135,2314,2380,2528,2294,2846,2688,3.504587
field_2,2024-05-18,0.1477980170624855,0.1261612344512675,-0.0277368599999999,0.1393011010052657,0.1196005096379104,0.0084969160572198,0.006560724813357,1450,1571,1848,2013,2103,2385,2489,2512,2284,2925,2921,0.000355
field_2,2024-05-23,0.1632523759239704,0.1464569912845775,-0.0185805699999999,0.1477980170624855,0.1261612344512675,0.0154543588614848,0.02029575683331,1526,1681,1981,2209,2367,2708,2754,2850,2389,3088,2884,0.025355
field_2,2024-05-28,0.1710421638822593,0.1746831329216769,-0.0245807799999999,0.1632523759239704,0.1464569912845775,0.0077897879582889,0.0282261416370994,1752,1882,2084,2277,2448,2766,2944,2875,2452,3158,3074,0.000677
field_2,2024-06-02,0.1498069498069498,0.1599670171098742,-0.03413228,0.1710421638822593,0.1746831329216769,-0.0212352140753095,-0.0147161158118027,1875,2006,2202,2391,2436,2836,2978,2832,2638,3210,3047,1.413648
field_2,2024-06-07,0.1291084074813873,0.1507377883310719,-0.04330193,0.1498069498069498,0.1599670171098742,-0.0206985423255624,-0.0092292287788023,2094,2112,2398,2429,2461,2990,3109,3191,2692,3232,3012,17.127565
field_2,2024-06-12,0.152780487804878,0.1695906432748538,-0.0363400899999999,0.1291084074813873,0.1507377883310719,0.0236720803234907,0.0188528549437818,1925,1961,2171,2325,2520,2709,2954,3004,2543,3089,3092,0.20277
field_2,2024-06-17,0.1282051282051282,0.1512182654626001,-0.0480079499999999,0.152780487804878,0.1695906432748538,-0.0245753595997498,-0.0183723778122536,2116,2133,2414,2470,2463,2963,3124,3003,2628,3450,3324,6.899649
field_2,2024-09-15,0.1548117154811715,0.1344659973651932,-0.0196222099999999,0.1282051282051282,0.1512182654626001,0.0266065872760433,-0.0167522680974069,1453,1535,1616,1703,1923,2178,2208,2299,2529,2042,1672,8.940335
field_2,2024-10-05,0.1082592958209937,0.0706220753015927,-0.0284837999999999,0.1548117154811715,0.1344659973651932,-0.0465524196601777,-0.0638439220636004,1089,1268,1355,1536,1424,1717,1684,1753,2107,1941,1734,0.02275
field_2,2024-10-10,0.1543942992874109,0.0979168460015494,-0.0147224699999999,0.1082592958209937,0.0706220753015927,0.0461350034664171,0.0272947706999566,1008,1122,1246,1516,1506,1810,1701,1797,1968,1963,1703,3e-05
field_2,2024-10-15,0.1222677595628415,0.0763782215395118,-0.0206105999999999,0.1543942992874109,0.0979168460015494,-0.0321265397245693,-0.0215386244620375,1018,1091,1285,1372,1380,1662,1643,1678,1920,1860,1657,0.000418
field_2,2024-10-20,0.1542785758900687,0.101713062098501,-0.0138009199999999,0.1222677595628415,0.0763782215395118,0.0320108163272271,0.0253348405589892,1044,1180,1354,1469,1648,1859,1848,1956,1895,2150,1869,2.06503
field_2,2024-10-25,0.0877993158494868,0.0502239422533373,-0.0254425999999999,0.1542785758900687,0.101713062098501,-0.0664792600405818,-0.0514891198451636,951,1051,1200,1123,1343,1213,1431,1531,1848,1506,1324,9.3e-05
field_2,2024-10-30,0.1538731160182264,0.0906987314573777,-0.0115568899999999,0.0877993158494868,0.0502239422533373,0.0660738001687395,0.0404747892040404,905,1021,1207,1347,1492,1646,1646,1936,1859,1999,1740,4.6e-05
field_2,2024-11-04,0.098250336473755,0.0854800936768149,-0.0412150099999999,0.1538731160182264,0.0906987314573777,-0.0556227795444713,-0.0052186377805627,1522,1619,1675,1870,1936,2062,2040,2079,2117,2045,1796,0.019061
field_2,2024-11-09,0.0563836681788723,0.0388358182305151,-0.0396273699999999,0.098250336473755,0.0854800936768149,-0.0418666682948827,-0.0466442754462998,1222,1385,1456,1572,1664,1791,1630,1773,1897,1673,1337,0.000199
field_2,2024-11-14,0.097390493942218,0.0952424352898286,-0.0441356899999999,0.0563836681788723,0.0388358182305151,0.0410068257633457,0.0564066170593135,1734,1834,1937,2085,2267,2381,2355,2403,2313,2128,1847,2.204906
field_2,2024-11-19,0.0281402936378466,0.0392871377327335,-0.0886705499999999,0.097390493942218,0.0952424352898286,-0.0692502003043714,-0.0559552975570951,2405,2458,2383,2442,2493,2566,2521,2404,2442,1990,1672,0.330331
field_2,2024-11-24,0.1105850524179912,0.0729943301040225,-0.02673067,0.0281402936378466,0.0392871377327335,0.0824447587801445,0.0337071923712889,1111,1151,1315,1501,1583,1800,1642,1715,1639,1877,1682,0.000123
field_2,2024-11-29,0.0742857142857142,0.0403392635498551,-0.0230186099999999,0.1105850524179912,0.0729943301040225,-0.0362993381322769,-0.0326550665541673,882,1077,1215,1203,1355,1374,1410,1474,1554,1432,1099,0.000302
field_2,2024-12-04,0.1404358353510895,0.0744671745270906,-0.0155775899999999,0.0742857142857142,0.0403392635498551,0.0661501210653753,0.0341279109772354,816,942,1065,1298,1378,1464,1413,1507,1407,1664,1546,0.000866
field_2,2024-12-09,0.1279256171849951,0.0873352887098892,-0.0203127699999999,0.1404358353510895,0.0744671745270906,-0.0125102181660944,0.0128681141827985,1133,1206,1360,1498,1461,1722,1759,1676,1687,1731,1483,0.001798
field_2,2024-12-14,0.1768514771347632,0.0979074248330869,-0.0112736399999999,0.1063111711103611,0.0687142794816979,0.0705403060244021,0.0291931453513889,853,926,1017,1295,1211,1648,1454,1313,1347,1617,1558,0.023527
field_2,2024-12-19,0.0994182971972501,0.0795800880460548,-0.0297974999999999,0.1768514771347632,0.0979074248330869,-0.0774331799375131,-0.018327336787032,1398,1557,1703,1852,1922,2046,2079,2104,1974,1869,1432,0.029907
field_3,2024-02-28,0.072072072072072,0.0524265482215021,-0.0402589599999999,0.0832715591796392,0.0591664033147231,-0.0111994871075671,-0.0067398550932209,1271,1534,1854,1905,2038,1995,2142,1945,2222,2296,2242,0.000508
field_3,2024-03-04,0.0920679886685552,0.0679158539983282,-0.0319880199999999,0.072072072072072,0.0524265482215021,0.0199959165964831,0.015489305776826,1266,1595,1923,1965,2060,2044,2313,2226,2280,2284,2182,15.682623
field_3,2024-03-09,0.0794763908368396,0.0622231982723912,-0.0409458699999999,0.0920679886685552,0.0679158539983282,-0.0125915978317155,-0.005692655725937,1395,1650,1969,2063,2075,2153,2309,2075,2353,2378,2290,2.003109
field_3,2024-03-14,0.0705202312138728,0.0545714796922526,-0.0428370099999999,0.0794763908368396,0.0622231982723912,-0.0089561596229668,-0.0076517185801385,1387,1666,2010,2129,2105,2160,2315,2333,2456,2435,2313,0.081241
field_3,2024-03-19,0.0687685629426547,0.0519162440925868,-0.0437301499999999,0.0705202312138728,0.0545714796922526,-0.001751668271218,-0.0026552355996657,1343,1648,2038,2120,2274,2115,2339,2231,2465,2498,2498,0.000362
field_3,2024-04-08,0.0683876811594202,0.0548452709574313,-0.0493436399999999,0.0687685629426547,0.0519162440925868,-0.0003808817832345,0.0029290268648444,1458,1703,2057,2072,2137,2241,2359,2413,2486,2591,2620,0.000368
field_3,2024-04-18,0.0576356752208666,0.048932066576184,-0.0572738,0.0683876811594202,0.0548452709574313,-0.0107520059385536,-0.0059132043812472,1594,1862,2240,2292,2385,2607,2514,2536,2693,2886,2839,13.275427
field_3,2024-05-08,0.0652317153525148,0.0508979983548121,-0.0478747999999999,0.0576356752208666,0.048932066576184,0.0075960401316481,0.0019659317786281,1414,1729,2128,2294,2282,2432,2425,2524,2539,2921,2778,0.000348
field_3,2024-05-13,0.0841849148418491,0.0681639085894404,-0.0471744499999999,0.0652317153525148,0.0508979983548121,0.0189531994893343,0.0172659102346283,1444,1635,1882,2094,2157,2218,2228,2309,2361,2711,2671,3.504587
field_3,2024-05-18,0.0721143112301853,0.0579829820845151,-0.04921432,0.0841849148418491,0.0681639085894404,-0.0120706036116638,-0.0101809265049253,1459,1745,2078,2231,2282,2294,2401,2394,2473,2771,2744,0.000355
field_3,2024-05-23,0.0575172107483899,0.0437929052111866,-0.0476529499999999,0.0721143112301853,0.0579829820845151,-0.0145971004817953,-0.0141900768733284,1377,1706,2122,2240,2358,2480,2381,2525,2490,2903,2688,0.025355
field_3,2024-05-28,0.0760034158838599,0.062537329164178,-0.0481350799999999,0.0575172107483899,0.0437929052111866,0.0184862051354699,0.0187444239529914,1503,1804,2164,2328,2367,2401,2520,2418,2550,2898,2813,0.000677
field_3,2024-06-02,0.0516597917894323,0.0444451955250616,-0.0591189499999999,0.0760034158838599,0.062537329164178,-0.0243436240944276,-0.0180921336391163,1649,1994,2414,2643,2656,2624,2677,2756,2798,3016,2867,1.413648
field_3,2024-06-07,0.0401016149519143,0.037177848058677,-0.06960572,0.0516597917894323,0.0444451955250616,-0.0115581768375179,-0.0072673474663845,1850,2234,2645,2886,2690,2910,2866,2908,2981,3130,2923,17.127565
field_3,2024-06-12,0.0538277511961722,0.0463169451401516,-0.05939247,0.0401016149519143,0.037177848058677,0.0137261362442578,0.0091390970814746,1641,2004,2373,2582,2423,2545,2643,2658,2769,2966,2845,0.20277
field_3,2024-06-17,0.0284301606922126,0.0266812502071525,-0.0778244299999999,0.0538277511961722,0.0463169451401516,-0.0253975905039596,-0.0196356949329991,1911,2333,2751,2807,2688,2875,2912,2996,2903,3164,3030,6.899649
field_3,2024-09-15,0.074932614555256,0.060290609412275,-0.04385659,0.0284301606922126,0.0266812502071525,0.0465024538630434,0.0336093592051224,1435,1531,1716,2047,2009,2238,1994,2431,2427,2526,2115,8.940335
field_3,2024-10-05,0.134020618556701,0.092971512574993,-0.0215318899999999,0.074932614555256,0.060290609412275,0.0590880040014449,0.032680903162718,1129,1307,1512,1771,1868,2047,1980,2158,2305,2561,2238,0.02275
field_3,2024-10-10,0.0967221923696937,0.0664353731453458,-0.0280792499999999,0.134020618556701,0.092971512574993,-0.0372984261870073,-0.0265361394296472,1144,1380,1681,1746,2038,2070,2041,2166,2342,2541,2205,3e-05
field_3,2024-10-15,0.1277013752455795,0.0858620169082125,-0.0202513099999999,0.0967221923696937,0.0664353731453458,0.0309791828758858,0.0194266437628667,1078,1266,1554,1820,1825,1999,2009,2194,2274,2527,2277,0.000418
field_3,2024-10-20,0.0839888353209845,0.0618414169344592,-0.03496021,0.1277013752455795,0.0858620169082125,-0.043712539924595,-0.0240205999737532,1278,1499,1805,1933,1980,2136,2136,2214,2325,2513,2209,2.06503
field_3,2024-10-25,0.1458148476782017,0.0951663964172651,-0.01720733,0.0839888353209845,0.0618414169344592,0.0618260123572171,0.0333249794828058,1020,1208,1444,1630,1724,2048,1937,2020,2237,2440,2280,9.3e-05
field_3,2024-10-30,0.0867482703565726,0.0589170823393335,-0.0307629199999999,0.1458148476782017,0.0951663964172651,-0.059066577321629,-0.0362493140779315,1134,1406,1716,1847,1877,1934,2042,2037,2211,2333,2136,4.6e-05
field_3,2024-11-04,0.0552618933205189,0.0488343454074483,-0.0567353999999999,0.0867482703565726,0.0589170823393335,-0.0314863770360536,-0.0100827369318851,1629,1776,1966,2051,2090,2132,2196,2209,2320,2449,2214,0.019061
field_3,2024-11-09,0.0749185667752443,0.0580612588354089,-0.0445441699999999,0.0552618933205189,0.0488343454074483,0.0196566734547253,0.0092269134279606,1376,1575,1704,1892,1921,1994,1980,2104,2177,2269,2047,0.000199
field_3,2024-11-14,0.0442973523421588,0.0367926922100989,-0.0579996499999999,0.0749185667752443,0.0580612588354089,-0.0306212144330854,-0.02126856662531,1532,1702,1877,2014,1985,2087,2051,2058,2132,2153,2085,2.204906
field_3,2024-11-19,0.0130653266331658,0.0176822633297061,-0.0971201899999999,0.0442973523421588,0.0367926922100989,-0.031232025708993,-0.0191104288803928,2408,2493,2455,2540,2531,2487,2520,2457,2530,2256,1992,0.330331
field_3,2024-11-24,0.0938014262205156,0.0665965650192779,-0.0327331199999999,0.0130653266331658,0.0176822633297061,0.0807360995873498,0.0489143016895718,1209,1378,1652,1664,1797,1808,1994,1935,2049,2177,2092,0.000123
field_3,2024-11-29,0.1282214444797963,0.0730575396106015,-0.01394647,0.0938014262205156,0.0665965650192779,0.0344200182592807,0.0064609745913235,827,1114,1370,1610,1571,1710,1773,1822,1972,2033,1905,0.000302
field_3,2024-12-04,0.0904736562001064,0.0618046971569839,-0.0296760699999999,0.1282214444797963,0.0730575396106015,-0.0377477882796899,-0.0112528424536175,1140,1394,1709,1750,1711,1943,2049,1982,2027,2158,2050,0.000866
field_3,2024-12-09,0.0909090909090909,0.065362004950495,-0.03230542,0.0904736562001064,0.0618046971569839,0.0004354347089844,0.0035573077935111,1232,1414,1690,1774,1801,1861,2028,1905,2071,2108,1973,0.001798
field_3,2024-12-14,0.1038961038961039,0.0720666616620374,-0.02731058,0.0791563955080799,0.0552433383033222,0.0247397083880239,0.0168233233587151,1154,1374,1656,1676,1694,1693,2040,1826,2028,2093,2017,0.023527
field_3,2024-12-19,0.0750301568154402,0.0604118104118103,-0.0432867699999999,0.1038961038961039,0.0720666616620374,-0.0288659470806636,-0.011654851250227,1448,1727,1917,2144,2111,2166,2228,2098,2299,2247,2002,0.029907
field_4,2024-02-28,0.0702900444212176,0.0516632096489206,-0.0441933199999999,0.0907227063044592,0.0620312609518469,-0.0204326618832415,-0.0103680513029262,1294,1488,1779,1892,1945,1991,2048,2070,1872,2346,2358,0.000501
field_4,2024-03-04,0.1135704874835309,0.0794763046284344,-0.0273313199999999,0.0677618069815195,0.0483658214861498,0.0458086805020114,0.0311104831422846,1153,1461,1682,1794,1874,1965,2113,2046,1887,2326,2226,5.629208
field_4,2024-03-09,0.0928746928746928,0.0708794299643727,-0.03753801,0.1122129436325678,0.0762303219401503,-0.0193382507578749,-0.0053508919757775,1329,1547,1846,1931,2077,2128,2224,2209,2004,2479,2421,0.495304
field_4,2024-03-14,0.0921747479596735,0.0711321873147599,-0.0383607099999999,0.090203685741998,0.0671407428798324,0.0019710622176754,0.0039914444349274,1350,1660,1891,2090,2180,2290,2275,2362,2190,2492,2356,0.218155
field_4,2024-03-19,0.0853080568720379,0.0627396305332868,-0.0377739999999999,0.091894439208294,0.0694865124897552,-0.0065863823362561,-0.0067468819564683,1270,1586,1930,2116,2095,2234,2290,2296,2215,2662,2572,2.407766
field_4,2024-04-08,0.0708838043965904,0.0566490982754293,-0.0478832199999999,0.086227261989133,0.0628097466960352,-0.0153434575925426,-0.0061606484206058,1449,1725,2071,2153,2243,2328,2387,2445,2334,2823,2702,0.000335
field_4,2024-04-18,0.0704705130934639,0.0609262258872036,-0.05504558,0.0829875518672199,0.0656910331739717,-0.0125170387737559,-0.004764807286768,1604,1896,2183,2384,2395,2604,2514,2657,2511,3007,2882,5.665376
field_4,2024-04-23,0.0720661876768996,0.0587692198430453,-0.0492439199999999,0.0687022900763358,0.0588192578607217,0.0033638976005637,-5.003801767643201e-05,1489,1826,2131,2375,2375,2467,2462,2553,2496,2906,2737,0.35261
field_4,2024-05-08,0.0605786618444846,0.0452427577824295,-0.04732177,0.0720661876768996,0.0587692198430453,-0.0114875258324149,-0.0135264620606157,1334,1669,2078,2197,2213,2335,2346,2492,2422,3015,2832,0.000766
field_4,2024-05-13,0.0944672626238221,0.077786177535511,-0.0437601099999999,0.0699172033118675,0.0529690549205463,0.0245500593119546,0.0248171226149646,1459,1650,1874,2094,2159,2283,2265,2444,2357,2856,2678,0.130875
field_4,2024-05-18,0.0839802399435427,0.0652722419278166,-0.0437032999999999,0.0974057758198727,0.0807728213662377,-0.01342553587633,-0.0155005794384211,1375,1658,1947,2203,2251,2410,2304,2467,2365,2898,2753,3e-06
field_4,2024-05-23,0.07723394701392,0.0567881669307976,-0.0401468699999999,0.0878025628856193,0.0684602005698849,-0.0105686158716993,-0.0116720336390872,1278,1672,2055,2353,2312,2424,2399,2730,2480,3080,2831,0.011075
field_4,2024-05-28,0.0793846153846153,0.0648784576697401,-0.0470640899999999,0.0819895525777878,0.0610601806434153,-0.0026049371931724,0.0038182770263247,1491,1818,2244,2536,2557,2571,2631,2662,2636,3156,3079,0.000541
field_4,2024-06-02,0.0441699811597236,0.0357699871160236,-0.05853779,0.0927393446134075,0.075022524083443,-0.0485693634536839,-0.0392525369674194,1526,1883,2283,2466,2415,2676,2494,2679,2619,3068,2863,14.895946
field_4,2024-06-07,0.0411331005044625,0.0357648964167623,-0.0653171299999999,0.0439491772547386,0.0353706373420055,-0.002816076750276,0.0003942590747567,1692,2058,2471,2658,2598,2765,2683,2814,2719,3233,3010,14.751408
field_4,2024-06-12,0.0586351811086651,0.049187483212463,-0.0557574299999999,0.0521823472356935,0.0451873005207458,0.0064528338729716,0.0040001826917172,1582,1994,2352,2641,2547,2632,2645,2870,2698,3188,2925,0.375503
field_4,2024-06-17,0.0426114151681,0.0388356432821462,-0.0689060399999999,0.0677372863907762,0.0561452609304071,-0.0251258712226761,-0.0173096176482609,1777,2083,2449,2726,2691,2878,2667,2930,2718,3267,3059,6.914977
field_4,2024-06-22,-0.0426409903713892,-0.0588777946602996,-0.12721411,0.0223618554795786,0.0206294540866778,-0.0650028458509679,-0.0795072487469774,2552,2497,2653,2756,2438,2438,2436,2767,3396,3206,2938,18.43027
field_4,2024-08-31,-0.049983665468801,-0.0460787856884712,-0.0834037799999999,-0.0426409903713892,-0.0588777946602996,-0.0073426750974117,0.0127990089718283,1706,1680,1607,1770,1726,1830,1454,1940,1850,1716,1460,14.80013
field_4,2024-09-15,0.1197990265347778,0.1992895575406154,-0.0641870499999999,-0.049983665468801,-0.0460787856884712,0.1697826920035788,0.2453683432290867,2775,2901,2803,3126,3487,3686,3566,3796,3217,3345,2696,8.940335
field_4,2024-09-20,0.0885650224215246,0.0655438480046461,-0.0403396799999999,0.1197990265347778,0.1992895575406154,-0.0312340041132531,-0.1337457095359693,1286,1510,1626,1839,1862,2098,1942,2195,2098,2506,2237,14.26283
field_4,2024-10-05,0.0685266764561918,0.053278532556989,-0.0461023399999999,0.0885650224215246,0.0655438480046461,-0.0200383459653328,-0.0122653154476571,1395,1625,1903,2016,2109,2225,2183,2461,2193,2681,2444,2.370755
field_4,2024-10-10,0.0897009966777408,0.0693120140824409,-0.0398573299999999,0.0914557754948634,0.0710199634198544,-0.0017547788171225,-0.0017079493374135,1356,1719,1918,2010,2192,2281,2296,2381,2266,2606,2406,0.000385
field_4,2024-10-15,0.0813397129186602,0.0629396519807478,-0.0415370999999999,0.0955899880810488,0.0730685131195335,-0.0142502751623885,-0.0101288611387856,1370,1630,1920,2097,2092,2240,2260,2359,2244,2686,2484,0.000571
field_4,2024-10-20,0.1097131353799698,0.0789626195305708,-0.0274162499999999,0.0923636363636363,0.0716165413533834,0.0173494990163334,0.0073460781771874,1202,1484,1769,1978,2066,2207,2205,2218,2134,2612,2363,0.531169
field_4,2024-10-25,0.0707070707070707,0.0507246376811594,-0.04157924,0.1086142322097378,0.077567760342368,-0.0379071615026671,-0.0268431226612085,1248,1580,1840,2001,1960,2149,2120,2269,2128,2589,2380,0.000524
field_4,2024-10-30,0.0935601458080194,0.0685785536159601,-0.03343662,0.080764331210191,0.0584331797235023,0.0127958145978283,0.0101453738924577,1254,1584,1865,2044,2041,2215,2250,2282,2126,2554,2344,2.3e-05
field_4,2024-11-04,0.0870724122612172,0.0794036622913628,-0.0493425299999999,0.1005917159763313,0.0744335388769292,-0.0135193037151141,0.0049701234144335,1658,1890,2055,2254,2308,2436,2447,2509,2390,2701,2462,0.008066
field_4,2024-11-09,0.0675436377434859,0.0434556166791445,-0.0299129099999999,0.0847532639964594,0.0815483541285184,-0.0172096262529734,-0.0380927374493739,1041,1379,1843,2051,2004,2042,2110,2271,1630,2634,2303,0.007386
field_4,2024-11-14,0.0721247563352826,0.0744001072433978,-0.0600261699999999,0.0823589222165734,0.0681302043906131,-0.0102341658812908,0.0062699028527847,1885,2070,2142,2336,2368,2561,2475,2568,2398,2515,2216,8.208808
field_4,2024-11-19,0.0219089350352448,0.034990567759995,-0.1044863299999999,0.0638481449525453,0.0683697510047582,-0.0419392099173004,-0.0333791832447632,2649,2689,2567,2683,2710,2700,2682,2621,2603,2283,2081,0.330331
field_4,2024-11-24,0.1219248445525817,0.0893140050697084,-0.0276256199999999,0.0219089350352448,0.034990567759995,0.1000159095173369,0.0543234373097134,1226,1425,1624,1817,1843,2010,2075,2115,1965,2365,2216,0.000342
field_4,2024-11-29,0.0934256055363321,0.0667960721625941,-0.0327837999999999,0.1215961175519007,0.0891727301486871,-0.0281705120155685,-0.0223766579860929,1218,1470,1703,1817,1809,1947,2054,2000,1941,2193,2051,0.000146
field_4,2024-12-04,0.1245001332977872,0.089200443137105,-0.0244660899999999,0.0937417480855558,0.0662461745166828,0.0307583852122314,0.0229542686204222,1183,1416,1642,1698,1895,1939,2109,1891,1928,2309,2177,0.000494
field_4,2024-12-09,0.1176470588235294,0.0841154250554928,-0.0254406699999999,0.1264245958123509,0.0884283118905491,-0.0087775369888215,-0.0043128868350562,1191,1445,1620,1752,1941,1948,2052,2050,2004,2184,1958,0.000232
field_4,2024-12-14,0.1184573002754821,0.0810250612398718,-0.0242255999999999,0.1002283684344075,0.0746071320640677,0.0182289318410745,0.0064179291758041,1115,1326,1600,1602,1803,1818,2030,1968,1857,2217,2159,0.045046
field_4,2024-12-19,0.1127572016460905,0.08005453837164,-0.0277589099999999,0.1192508950702285,0.0802981974630962,-0.006493693424138,-0.0002436590914561,1186,1417,1617,1825,1890,1929,2028,1995,2074,2201,2053,0.013218
field_5,2024-02-28,0.1836518046709129,0.1230178482542842,-0.0006831599999999,0.2022352315061202,0.1280280314005593,-0.0185834268352073,-0.005010183146275,986,1258,1538,1936,2074,2212,2230,2247,2307,2538,2289,0.000508
field_5,2024-03-04,0.221151341495181,0.1426507157739096,0.01659143,0.1836518046709129,0.1230178482542842,0.0374995368242681,0.0196328675196253,858,1231,1495,1670,2088,2268,2344,2199,2305,2371,2079,15.682623
field_5,2024-03-09,0.2182041820418204,0.1530629853321829,0.01089015,0.221151341495181,0.1426507157739096,-0.0029471594533606,0.0104122695582733,1003,1323,1589,1956,2255,2397,2476,2454,2454,2615,2403,2.003109
field_5,2024-03-14,0.2070343725019984,0.1221851805258523,0.01433734,0.2182041820418204,0.1530629853321829,-0.0111698095398219,-0.0308778048063306,706,1151,1488,1793,2104,2330,2265,2452,2367,2542,2336,0.081241
field_5,2024-03-19,0.2109785202863962,0.1400506970849176,0.01295063,0.2070343725019984,0.1221851805258523,0.0039441477843977,0.0178655165590653,890,1352,1653,2080,2309,2473,2537,2506,2493,2758,2547,0.000362
field_5,2024-04-08,0.1889379502672554,0.1429023412782113,-0.0030777299999999,0.2109785202863962,0.1400506970849176,-0.0220405700191407,0.0028516441932936,1174,1457,1745,2021,2340,2446,2558,2637,2603,2780,2663,0.000368
field_5,2024-04-18,0.1804182946449092,0.1280086100058705,0.0012449199999999,0.1889379502672554,0.1429023412782113,-0.0085196556223461,-0.0148937312723408,1058,1440,1783,2002,2467,2599,2568,2680,2726,2896,2609,13.275427
field_5,2024-05-08,0.1586078019154403,0.1145527550021931,-0.01060688,0.1804182946449092,0.1280086100058705,-0.0218104927294688,-0.0134558550036773,1129,1452,1801,2087,2331,2576,2480,2759,2693,2968,2764,0.000348
field_5,2024-05-13,0.126865671641791,0.1079965059953942,-0.0314305599999999,0.1586078019154403,0.1145527550021931,-0.0317421302736492,-0.0065562490067989,1474,1664,1872,2154,2327,2492,2416,2615,2619,2901,2585,3.504587
field_5,2024-05-18,0.1544256120527307,0.1171177604798971,-0.0163804999999999,0.126865671641791,0.1079965059953942,0.0275599404109396,0.0091212544845028,1230,1506,1796,2117,2291,2474,2452,2587,2607,2828,2689,0.000355
field_5,2024-05-23,0.1465116279069767,0.1012536162005786,-0.0097659299999999,0.1544256120527307,0.1171177604798971,-0.0079139841457539,-0.0158641442793185,1056,1456,1835,2170,2325,2525,2465,2678,2652,2948,2655,0.025355
field_5,2024-05-28,0.1687599908654944,0.1246289800323799,-0.0081441499999999,0.1465116279069767,0.1012536162005786,0.0222483629585176,0.0233753638318013,1154,1500,1820,2102,2303,2521,2559,2613,2678,2884,2744,0.000677
field_5,2024-06-02,0.1652571428571428,0.1097949886104783,0.00318409,0.1687599908654944,0.1246289800323799,-0.0035028480083515,-0.0148339914219016,939,1394,1826,2182,2402,2575,2549,2667,2849,2850,2524,1.413648
field_5,2024-06-07,0.1564870259481038,0.1158392434988179,-0.0060790899999999,0.1652571428571428,0.1097949886104783,-0.008770116909039,0.0060442548883395,1154,1748,2113,2458,2698,2950,2897,3063,3004,3154,2895,17.127565
field_5,2024-06-12,0.1389772968385317,0.10570995126045,-0.0163647399999999,0.1564870259481038,0.1158392434988179,-0.017509729109572,-0.0101292922383679,1249,1630,2029,2297,2503,2742,2684,2839,2858,3044,2821,0.20277
field_5,2024-06-17,0.1411290322580645,0.1019071189401659,-0.0093750999999999,0.1389772968385317,0.10570995126045,0.0021517354195328,-0.003802832320284,1125,1648,2130,2579,2718,2989,2830,3064,2949,3194,2957,6.899649
field_5,2024-09-15,0.2834175470831419,0.1303668018931711,0.02117893,0.1411290322580645,0.1019071189401659,0.1422885148250774,0.0284596829530051,566,694,780,1101,1367,1685,1397,1730,1777,1239,833,8.940335
field_5,2024-10-05,0.3585798816568047,0.2385357213147018,0.0463047,0.2834175470831419,0.1303668018931711,0.0751623345736627,0.1081689194215307,813,1022,1084,1587,2283,2625,2296,2585,2723,2319,1806,0.02275
field_5,2024-10-10,0.3075898801597869,0.2084837545126354,0.03793773,0.3585798816568047,0.2385357213147018,-0.0509900014970177,-0.0300519668020663,854,1168,1300,1825,2346,2443,2455,2770,2658,2467,2065,3e-05
field_5,2024-10-15,0.2943937418513689,0.2010685663401602,0.03543338,0.3075898801597869,0.2084837545126354,-0.0131961383084179,-0.0074151881724751,875,1176,1353,1722,2275,2587,2482,2699,2657,2442,2097,0.000418
field_5,2024-10-20,0.2167281672816728,0.1629972247918594,0.00812602,0.2943937418513689,0.2010685663401602,-0.0776655745696961,-0.0380713415483008,1135,1435,1592,1915,2339,2545,2473,2623,2580,2512,2127,2.06503
field_5,2024-10-25,0.3201235203293875,0.2180008411608019,0.04414849,0.2167281672816728,0.1629972247918594,0.1033953530477147,0.0550036163689425,830,1134,1321,1615,2385,2607,2565,2700,2646,2621,2255,9.3e-05
field_5,2024-10-30,0.2438808611029194,0.1437161128875295,0.02275939,0.3201235203293875,0.2180008411608019,-0.076242659226468,-0.0742847282732724,722,1068,1282,1441,1861,2085,2109,2300,2291,2001,1697,4.6e-05
field_5,2024-11-04,0.1559934318555008,0.1428203255873888,-0.0221177899999999,0.2438808611029194,0.1437161128875295,-0.0878874292474186,-0.0008957873001406,1549,1693,1799,2059,2272,2519,2464,2540,2555,2281,2034,0.019061
field_5,2024-11-09,0.1607427055702917,0.127956081081081,-0.01650769,0.1559934318555008,0.1428203255873888,0.0047492737147909,-0.0148642445063077,1312,1463,1582,1827,2134,2309,2188,2422,2305,2197,1914,0.000199
field_5,2024-11-14,0.101916783543712,0.0930192865676736,-0.0414801099999999,0.1607427055702917,0.127956081081081,-0.0588259220265797,-0.0349367945134074,1622,1826,1921,2151,2269,2376,2357,2386,2403,2319,2033,2.204906
field_5,2024-11-19,0.0329712955779674,0.0479089166948484,-0.0917505399999999,0.101916783543712,0.0930192865676736,-0.0689454879657446,-0.0451103698728252,2500,2557,2493,2633,2637,2628,2663,2578,2610,2187,1890,0.330331
field_5,2024-11-24,0.1974741676234213,0.1340451233293068,0.00078903,0.0329712955779674,0.0479089166948484,0.1645028720454539,0.0861362066344583,1019,1201,1398,1693,1845,2018,2086,2067,2055,2192,1914,0.000123
field_5,2024-11-29,0.220214568040655,0.1408247273777713,0.01134157,0.1974741676234213,0.1340451233293068,0.0227404004172336,0.0067796040484645,880,1174,1381,1673,1905,2175,2161,2354,2103,2247,1963,0.000302
field_5,2024-12-04,0.1923865300146413,0.1160572337042925,0.00504356,0.220214568040655,0.1408247273777713,-0.0278280380260137,-0.0247674936734788,821,1100,1379,1503,1900,1981,2036,2061,1899,2169,1973,0.000866
field_5,2024-12-09,0.1677436029981907,0.1197505350948409,-0.0046898099999999,0.1923865300146413,0.1160572337042925,-0.0246429270164505,0.0036933013905484,1116,1362,1610,1866,2085,2209,2259,2269,2188,2177,1896,0.001798
field_5,2024-12-14,0.2083786724700761,0.1391866845949776,0.0078474099999999,0.1964017991004497,0.1463741666356289,0.0119768733696263,-0.0071874820406512,959,1178,1455,1551,1897,1990,2221,2034,1932,2102,1977,0.023527
field_5,2024-12-19,0.1205472988912479,0.0960598541243702,-0.0245430299999999,0.2083786724700761,0.1391866845949776,-0.0878313735788282,-0.0431268304706073,1368,1660,1864,2120,2236,2298,2375,2399,2337,2276,1943,0.029907
field_6,2024-02-28,0.041410546748625,0.0554496621036216,-0.0936436799999999,0.0809766379764623,0.1092624194160031,-0.0395660912278372,-0.0538127573123815,2594,2663,2963,2109,2640,2321,3219,2570,1811,2800,2807,0.000508
field_6,2024-03-04,-0.0252561697214605,-0.1008878127522196,-0.1792735699999999,0.041410546748625,0.0554496621036216,-0.0666667164700855,-0.1563374748558412,4047,3584,3552,2649,2411,2863,3377,2620,1910,2885,2916,15.682623
field_6,2024-03-09,-0.0168965517241379,-0.045078196872125,-0.15910555,-0.0252561697214605,-0.1008878127522196,0.0083596179973226,0.0558096158800945,3348,3304,2949,2312,2617,2403,2851,2402,1931,2879,2982,2.003109
field_6,2024-03-14,0.0520428015564202,0.0410213157491182,-0.05220866,-0.0168965517241379,-0.045078196872125,0.0689393532805581,0.0860995126212432,1442,1653,1949,2032,1904,2017,2163,2101,1997,2369,2306,0.081241
field_6,2024-03-19,0.0590695243073706,0.0512309017545449,-0.05527396,0.0520428015564202,0.0410213157491182,0.0070267227509503,0.0102095860054267,1573,1574,1800,1884,1786,1980,2026,1993,1917,2432,2304,0.000362
field_6,2024-04-08,0.0581673306772908,0.0590933621154883,-0.0758739799999999,0.0590695243073706,0.0512309017545449,-0.0009021936300797,0.0078624603609434,1782,1798,1773,1937,1942,2024,1992,2025,2055,2971,3011,0.000368
field_6,2024-04-18,0.0666261028293276,0.0444237088725709,-0.0420839799999999,0.0581673306772908,0.0590933621154883,0.0084587721520368,-0.0146696532429174,1151,1347,1534,1731,1775,1789,1753,1871,2007,2276,2178,13.275427
field_6,2024-05-08,0.0692572861172046,0.0435949027498322,-0.03902549,0.0666261028293276,0.0444237088725709,0.0026311832878769,-0.0008288061227386,1059,1253,1485,1707,1687,1840,1706,1900,2053,2476,2333,0.000348
field_6,2024-05-13,0.0793742757821552,0.0597757319254766,-0.0441751,0.0692572861172046,0.0435949027498322,0.0101169896649506,0.0161808291756444,1325,1477,1589,1825,1854,1946,1863,1987,2091,2367,2162,3.504587
field_6,2024-05-18,0.0722961249277038,0.0511959370904324,-0.0429250499999999,0.0793742757821552,0.0597757319254766,-0.0070781508544514,-0.0085797948350442,1236,1401,1604,1827,1811,1958,1854,1982,2112,2417,2278,0.000355
field_6,2024-05-23,0.0532400365074536,0.0329765583779301,-0.0408676299999999,0.0722961249277038,0.0511959370904324,-0.0190560884202502,-0.0182193787125023,1040,1324,1556,1731,1776,1892,1731,2004,2062,2492,2263,0.025355
field_6,2024-05-28,0.0845446455057846,0.0569044006069802,-0.0388234999999999,0.0532400365074536,0.0329765583779301,0.031304608998331,0.02392784222905,1142,1346,1543,1816,1782,1827,1828,1991,2114,2383,2337,0.000677
field_6,2024-06-02,0.0714487432928551,0.04702252620623,-0.03720102,0.0845446455057846,0.0569044006069802,-0.0130959022129295,-0.0098818744007502,1108,1395,1644,1888,1925,1931,1897,2158,2328,2623,2319,1.413648
field_6,2024-06-07,0.070213933077345,0.0463398740134675,-0.0373018599999999,0.0714487432928551,0.04702252620623,-0.00123481021551,-0.0006826521927625,1108,1385,1695,1886,1901,2033,1951,2134,2370,2665,2421,17.127565
field_6,2024-06-12,0.0610878661087866,0.0426318863149698,-0.0446749499999999,0.070213933077345,0.0463398740134675,-0.0091260669685584,-0.0037079876984976,1221,1455,1683,1936,1910,2110,1902,2156,2300,2566,2350,0.20277
field_6,2024-06-17,0.0287950796757059,0.018555883836564,-0.0520382599999999,0.0610878661087866,0.0426318863149698,-0.0322927864330807,-0.0240760024784057,1118,1466,1737,1966,1993,2066,1840,2211,2303,2749,2580,6.899649
field_6,2024-09-15,0.0926612305411415,0.075898639896373,-0.0406570799999999,0.0287950796757059,0.018555883836564,0.0638661508654356,0.057342756059809,1450,1663,1836,2144,2369,2571,2211,2907,2653,2743,2347,8.940335
field_6,2024-10-05,0.1063040791100123,0.071053827405296,-0.0331718099999999,0.0926612305411415,0.075898639896373,0.0136428485688707,-0.004844812491077,1115,1317,1446,1706,1769,1993,1790,2127,2065,2488,2294,0.02275
field_6,2024-10-10,0.0976744186046511,0.0644040073604579,-0.03260219,0.1063040791100123,0.071053827405296,-0.0086296605053611,-0.006649820044838,1103,1287,1455,1772,1757,1882,1770,1945,2076,2406,2176,3e-05
field_6,2024-10-15,0.1116832957837141,0.0711532152230971,-0.0277395,0.0976744186046511,0.0644040073604579,0.014008877179063,0.0067492078626391,1042,1217,1380,1675,1683,1771,1727,1972,1966,2347,2123,0.000418
field_6,2024-10-20,0.0741340239559728,0.0468724414606189,-0.0346865299999999,0.1116832957837141,0.0711532152230971,-0.0375492718277413,-0.0242807737624781,1070,1218,1430,1698,1701,1715,1659,1829,1947,2292,2013,2.06503
field_6,2024-10-25,0.1056670602125147,0.0709444730688439,-0.0305129999999999,0.0741340239559728,0.0468724414606189,0.0315330362565419,0.0240720316082249,1113,1337,1515,1697,1856,1876,1873,1935,1855,2338,2178,9.3e-05
field_6,2024-10-30,0.0880829015544041,0.0539768217177329,-0.0300053,0.1056670602125147,0.0709444730688439,-0.0175841586581106,-0.0169676513511109,1004,1230,1408,1566,1667,1691,1680,1797,1865,2219,1958,4.6e-05
field_6,2024-11-04,0.0482157450286025,0.0413030288887851,-0.0575716199999999,0.0880829015544041,0.0539768217177329,-0.0398671565258015,-0.0126737928289478,1559,1678,1747,1916,1864,2003,1924,2006,2052,2229,1968,0.019061
field_6,2024-11-09,0.0647985989492119,0.0477995004736887,-0.0450717499999999,0.0482157450286025,0.0413030288887851,0.0165828539206093,0.0064964715849035,1310,1485,1602,1812,1863,1934,1824,2000,1911,2143,1924,0.000199
field_6,2024-11-14,0.0223760092272203,0.0225791433891992,-0.07478622,0.0647985989492119,0.0477995004736887,-0.0424225897219916,-0.0252203570844894,1892,2022,2119,2285,2280,2305,2216,2288,2279,2219,1979,2.204906
field_6,2024-11-19,0.0025597269624573,0.0035271295044383,-0.0970266199999999,0.0223760092272203,0.0225791433891992,-0.0198162822647629,-0.0190520138847609,2383,2392,2338,2451,2401,2386,2350,2298,2364,2009,1717,0.330331
field_6,2024-11-24,0.0831062670299727,0.0519657537164033,-0.0331859199999999,0.0025597269624573,0.0035271295044383,0.0805465400675154,0.0484386242119649,1057,1206,1346,1555,1608,1655,1590,1659,1694,1976,1795,0.000123
field_6,2024-11-29,0.0959629384513567,0.0554938956714761,-0.0254395799999999,0.0831062670299727,0.0519657537164033,0.0128566714213839,0.0035281419550728,905,1178,1366,1528,1615,1705,1656,1825,1614,1952,1837,0.000302
field_6,2024-12-04,0.0831806522535727,0.0458808311100331,-0.02728108,0.0959629384513567,0.0554938956714761,-0.0127822861977839,-0.009613064561443,882,1062,1251,1271,1459,1516,1478,1469,1554,1822,1703,0.000866
field_6,2024-12-09,0.0631970260223048,0.0396303988471156,-0.0371654899999999,0.0831806522535727,0.0458808311100331,-0.0199836262312679,-0.0062504322629174,1079,1268,1386,1529,1570,1642,1573,1687,1759,1877,1662,0.001798
field_6,2024-12-14,0.0982348426707597,0.0534290603998831,-0.02547398,0.0846394984326018,0.0563204005006257,0.0135953442381579,-0.0028913401007426,867,1021,1175,1234,1216,1492,1431,1481,1472,1813,1718,0.023527
field_6,2024-12-19,0.0399774774774774,0.0282485875706214,-0.04738743,0.0982348426707597,0.0534290603998831,-0.0582573651932823,-0.0251804728292616,1268,1584,1705,1855,1792,1797,1847,1839,1958,1923,1664,0.029907
field_7,2024-02-28,0.5315955766192733,0.2611158531853806,0.07755835,0.5760154738878143,0.2744700460829494,-0.044419897268541,-0.0133541928975687,348,582,593,1047,1723,1878,1939,2104,2136,1777,1194,0.000508
field_7,2024-03-04,0.6195872116552004,0.274648392652124,0.09964359,0.5315955766192733,0.2611158531853806,0.0879916350359271,0.0135325394667433,118,436,470,946,1604,1847,2001,2026,2085,1699,1113,15.682623
field_7,2024-03-09,0.5686561699011351,0.3052039933967455,0.0906991,0.6195872116552004,0.274648392652124,-0.0509310417540652,0.0305556007446215,394,632,589,1059,1833,2062,2142,2228,2309,1761,1145,2.003109
field_7,2024-03-14,0.5876363636363636,0.2679933665008293,0.10621528,0.5686561699011351,0.3052039933967455,0.0189801937352285,-0.0372106268959162,68,547,567,1093,1877,2099,2183,2254,2353,1857,1190,0.081241
field_7,2024-03-19,0.6094346167186958,0.3083971073509795,0.1112405,0.5876363636363636,0.2679933665008293,0.0217982530823321,0.0404037408501502,194,582,563,1114,2033,2269,2320,2439,2476,1901,1248,0.000362
field_7,2024-04-08,0.5346505455617812,0.3421142016077291,0.10248722,0.6094346167186958,0.3083971073509795,-0.0747840711569146,0.0337170942567496,545,816,789,1295,2254,2497,2602,2696,2685,2084,1400,0.000368
field_7,2024-04-18,0.5657761244504566,0.3029809120214423,0.10068228,0.5346505455617812,0.3421142016077291,0.0311255788886753,-0.0391332895862868,315,655,642,1151,2153,2431,2315,2597,2433,1861,1267,13.275427
field_7,2024-05-08,0.5696698377168439,0.3731945157269594,0.11846324,0.5657761244504566,0.3029809120214423,0.0038937132663873,0.0702136037055171,504,821,769,1343,2442,2803,2805,2983,2934,2303,1550,0.000348
field_7,2024-05-13,0.3454351308061932,0.2813410444840632,0.0447894299999999,0.5696698377168439,0.3731945157269594,-0.2242347069106506,-0.0918534712428962,1117,1267,1226,1587,2318,2536,2520,2712,2686,2252,1519,3.504587
field_7,2024-05-18,0.4450963956412406,0.3040308420490113,0.07780892,0.3454351308061932,0.2813410444840632,0.0996612648350473,0.0226897975649481,726,1010,993,1449,2269,2548,2586,2758,2744,2241,1615,0.000355
field_7,2024-05-23,0.4765933446136491,0.2974618931953392,0.09209818,0.4450963956412406,0.3040308420490113,0.0314969489724085,-0.006568948853672,531,932,928,1520,2329,2574,2618,2908,2755,2354,1613,0.025355
field_7,2024-05-28,0.4703470893686799,0.3211659761878103,0.08815593,0.4765933446136491,0.2974618931953392,-0.0062462552449691,0.023704082992471,681,979,969,1471,2242,2535,2690,2697,2789,2369,1704,0.000677
field_7,2024-06-02,0.5986286919831224,0.3572102977277019,0.14351518,0.4703470893686799,0.3211659761878103,0.1282816026144424,0.0360443215398916,228,801,761,1582,2698,3006,3031,3277,3262,2469,1633,1.413648
field_7,2024-06-07,0.5963396034570412,0.3402662953615873,0.15253694,0.5986286919831224,0.3572102977277019,-0.0022890885260812,-0.0169440023661146,89,746,794,1582,2675,3117,3140,3331,3295,2576,1815,17.127565
field_7,2024-06-12,0.4674986999479979,0.3044155492347284,0.09810587,0.5963396034570412,0.3402662953615873,-0.1288409035090432,-0.0358507461268589,560,1013,1024,1685,2513,2817,2822,2982,2988,2466,1707,0.20277
field_7,2024-06-17,0.543455497382199,0.2998266897746967,0.13280454,0.4674986999479979,0.3044155492347284,0.075956797434201,-0.0045888594600316,116,762,872,1639,2514,2850,2948,3190,3126,2628,1863,6.899649
field_7,2024-09-15,0.7742010730114299,0.5721624603502965,0.22017283,0.543455497382199,0.2998266897746967,0.2307455756292309,0.2723357705755997,294,722,484,1227,3051,3695,3803,4110,3549,1964,1084,8.940335
field_7,2024-10-05,0.7409621406205522,0.505613612524766,0.1672340199999999,0.7742010730114299,0.5721624603502965,-0.0332389323908777,-0.0665488478255305,389,656,455,1024,2535,3156,3058,3320,3199,1793,974,0.02275
field_7,2024-10-10,0.766637856525497,0.4943891200951249,0.17666682,0.7409621406205522,0.505613612524766,0.0256757159049447,-0.011224492429641,272,584,405,963,2648,3083,3066,3330,3192,1723,883,3e-05
field_7,2024-10-15,0.7502138579982891,0.5057864585335845,0.17101972,0.766637856525497,0.4943891200951249,-0.0164239985272078,0.0113973384384595,359,609,438,948,2523,3044,3069,3295,3177,1713,933,0.000418
field_7,2024-10-20,0.6891342242882045,0.4637522483772581,0.15031719,0.7502138579982891,0.5057864585335845,-0.0610796337100846,-0.0420342101563263,444,690,535,1064,2482,2874,2907,3202,2993,1691,884,2.06503
field_7,2024-10-25,0.7416931522681306,0.4870598057073467,0.16722807,0.6891342242882045,0.4637522483772581,0.0525589279799261,0.0233075573300885,336,589,447,917,2443,2972,3014,3159,2984,1686,946,9.3e-05
field_7,2024-10-30,0.6716600428003668,0.4124737158305797,0.14036739,0.7416931522681306,0.4870598057073467,-0.0700331094677637,-0.0745860898767669,352,633,537,1033,2280,2742,2734,2897,2780,1669,947,4.6e-05
field_7,2024-11-04,0.3990123456790123,0.3859565321232386,0.06677305,0.6716600428003668,0.4124737158305797,-0.2726476971213545,-0.0265171837073411,1289,1346,1217,1533,2399,2760,2833,2865,2808,1737,965,0.019061
field_7,2024-11-09,0.4056712962962963,0.3115971018358003,0.0615380799999999,0.3990123456790123,0.3859565321232386,0.0066589506172839,-0.0743594302874382,979,1137,1027,1381,2142,2393,2429,2568,2485,1638,931,0.000199
field_7,2024-11-14,0.2985,0.2671140939597314,0.0359459199999999,0.4056712962962963,0.3115971018358003,-0.1071712962962962,-0.0444830078760689,1312,1425,1403,1687,2297,2642,2597,2713,2587,1782,1044,2.204906
field_7,2024-11-19,0.1184573002754821,0.1925291032365357,-0.0479405499999999,0.2985,0.2671140939597314,-0.1800426997245179,-0.0745849907231957,2462,2439,2240,2375,2696,2763,2842,2806,2756,1653,911,0.330331
field_7,2024-11-24,0.5526226734348562,0.3482618895286842,0.09115386,0.1184573002754821,0.1925291032365357,0.4341653731593741,0.1557327862921484,605,756,661,995,1934,2240,2294,2406,2320,1486,884,0.000123
field_7,2024-11-29,0.566711590296496,0.3316115295138204,0.09974951,0.5526226734348562,0.3482618895286842,0.0140889168616398,-0.0166503600148637,467,724,643,1017,1942,2203,2325,2347,2354,1447,829,0.000302
field_7,2024-12-04,0.7071483474250576,0.3667676606601818,0.11944381,0.566711590296496,0.3316115295138204,0.1404367571285616,0.0351561311463614,262,466,381,789,1802,2093,2221,2368,2194,1387,753,0.000866
field_7,2024-12-09,0.5303830911492734,0.3238425552508469,0.09116966,0.7071483474250576,0.3667676606601818,-0.1767652562757842,-0.0429251054093349,558,775,711,1095,1951,2182,2317,2349,2321,1421,843,0.001798
field_7,2024-12-14,0.70083523158694,0.3763046314416177,0.1169625,0.5196141479099678,0.3268608414239483,0.1812210836769722,0.0494437900176694,312,514,394,818,1814,2052,2240,2202,2181,1327,756,0.023527
field_7,2024-12-19,0.3656542056074766,0.2503699556053273,0.05650257,0.70083523158694,0.3763046314416177,-0.3351810259794634,-0.1259346758362904,847,1119,1086,1438,2035,2269,2338,2398,2396,1506,838,0.029907
field_8,2024-02-28,0.3910988578180386,0.2002177594967336,0.04184748,0.4472168905950096,0.2224556043536375,-0.0561180327769709,-0.0222378448569039,534,670,773,1055,1434,1610,1766,1750,1735,1803,1537,0.000508
field_8,2024-03-04,0.4764397905759162,0.2145759268664296,0.06613634,0.3910988578180386,0.2002177594967336,0.0853409327578776,0.014358167369696,260,499,650,979,1460,1665,1833,1832,1794,1864,1522,15.682623
field_8,2024-03-09,0.4230062477030503,0.2320377388920249,0.04988915,0.4764397905759162,0.2145759268664296,-0.0534335428728658,0.0174618120255952,566,747,785,1078,1650,1742,1936,1946,1906,1886,1622,2.003109
field_8,2024-03-14,0.3492453492453492,0.1806266565007443,0.04299564,0.4230062477030503,0.2320377388920249,-0.0737608984577011,-0.0514110823912805,495,802,927,1325,1731,1902,1922,2056,2036,2103,1659,0.081241
field_8,2024-03-19,0.4545454545454545,0.2055299862980009,0.06288998,0.3492453492453492,0.1806266565007443,0.1053001053001053,0.0249033297972565,247,558,702,1132,1608,1862,1872,1953,1993,2089,1748,0.000362
field_8,2024-04-08,0.3158065563128854,0.1891377031335044,0.02873526,0.4545454545454545,0.2055299862980009,-0.1387388982325691,-0.0163922831644964,732,937,1054,1431,1750,1955,2027,2123,2178,2271,2011,0.000368
field_8,2024-04-18,0.3447276940903824,0.2173992473236142,0.04559538,0.3158065563128854,0.1891377031335044,0.0289211377774969,0.0282615441901098,723,991,1131,1649,2032,2235,2321,2333,2313,2496,2071,13.275427
field_8,2024-05-08,0.3830760434534019,0.2458174346932785,0.05497562,0.3447276940903824,0.2173992473236142,0.0383483493630195,0.0284181873696642,702,961,1079,1506,2070,2251,2419,2442,2312,2438,2148,0.000348
field_8,2024-05-13,0.2470196839478791,0.1905556268446041,0.00869676,0.3830760434534019,0.2458174346932785,-0.1360563595055228,-0.0552618078486744,1161,1309,1358,1660,2075,2213,2249,2324,2238,2360,1959,3.504587
field_8,2024-05-18,0.2811804008908686,0.2000475360481698,0.02040032,0.2470196839478791,0.1905556268446041,0.0341607169429894,0.0094919092035657,990,1217,1291,1658,2075,2254,2301,2387,2267,2447,2156,0.000355
field_8,2024-05-23,0.3314004059147579,0.2067431176066273,0.04134793,0.2811804008908686,0.2000475360481698,0.0502200050238892,0.0066955815584574,719,1025,1153,1565,2047,2257,2296,2499,2296,2429,2069,0.025355
field_8,2024-05-28,0.3253012048192771,0.2194043389523017,0.03727227,0.3314004059147579,0.2067431176066273,-0.0060992010954807,0.0126612213456744,848,1084,1204,1507,2042,2226,2365,2316,2338,2418,2130,0.000677
field_8,2024-06-02,0.3887173730002806,0.223740751510452,0.06786485,0.3253012048192771,0.2194043389523017,0.0634161681810035,0.0043364125581502,471,951,1089,1561,2152,2479,2474,2601,2509,2605,2080,1.413648
field_8,2024-06-07,0.3913516453630677,0.2176741090337025,0.07416712,0.3887173730002806,0.223740751510452,0.002634272362787,-0.0060666424767495,366,842,1119,1544,2248,2443,2558,2598,2578,2631,2303,17.127565
field_8,2024-06-12,0.3271989174560216,0.2074468085106383,0.04577702,0.3913516453630677,0.2176741090337025,-0.064152727907046,-0.0102273005230641,712,1070,1243,1664,2230,2383,2452,2527,2510,2536,2179,0.20277
field_8,2024-06-17,0.3831725616291532,0.2157578683726123,0.0724597999999999,0.3271989174560216,0.2074468085106383,0.0559736441731316,0.0083110598619739,389,885,1151,1624,2308,2595,2581,2762,2557,2712,2337,6.899649
field_8,2024-09-15,0.530849478390462,0.3353417435511203,0.09615457,0.3831725616291532,0.2157578683726123,0.1476769167613087,0.119583875178508,535,833,787,1221,2075,2430,2568,2638,2264,2110,1626,8.940335
field_8,2024-10-05,0.5152097342299071,0.328555092706036,0.08099875,0.530849478390462,0.3353417435511203,-0.0156397441605549,-0.0067866508450842,622,825,757,1136,2037,2318,2366,2439,2161,2063,1597,0.02275
field_8,2024-10-10,0.5601604278074866,0.329999212412381,0.09237875,0.5152097342299071,0.328555092706036,0.0449506935775795,0.0014441197063449,478,717,658,1120,2104,2389,2334,2397,2174,1941,1452,3e-05
field_8,2024-10-15,0.5362035225048923,0.3300939683559554,0.08790286,0.5601604278074866,0.329999212412381,-0.0239569053025943,9.47559435743872e-05,556,701,711,1026,1963,2275,2355,2341,2106,1906,1507,0.000418
field_8,2024-10-20,0.5277497477295661,0.3051816696491092,0.08584474,0.5362035225048923,0.3300939683559554,-0.0084537747753262,-0.0249122987068461,484,713,702,1085,1951,2168,2271,2383,1994,1972,1439,2.06503
field_8,2024-10-25,0.3774647887323943,0.2212133718530747,0.04250546,0.5277497477295661,0.3051816696491092,-0.1502849589971717,-0.0839682977960345,686,814,884,1091,1700,1986,1956,2072,2027,1877,1529,9.3e-05
field_8,2024-10-30,0.504375218760938,0.2742776656895961,0.07875504,0.3774647887323943,0.2212133718530747,0.1269104300285436,0.0530642938365214,435,701,708,1108,1804,2080,2149,2247,2038,1885,1377,4.6e-05
field_8,2024-11-04,0.2376291462751495,0.2021183109014384,0.00620555,0.504375218760938,0.2742776656895961,-0.2667460724857885,-0.0721593547881576,1317,1419,1402,1582,1998,2183,2276,2362,2162,1911,1468,0.019061
field_8,2024-11-09,0.2171974522292993,0.1568537258509659,-0.0003157699999999,0.2376291462751495,0.2021183109014384,-0.0204316940458501,-0.0452645850504724,1122,1246,1229,1501,1853,1987,1911,2064,1987,1794,1372,0.000199
field_8,2024-11-14,0.1472244569589702,0.1192544964810148,-0.0170025099999999,0.2171974522292993,0.1568537258509659,-0.0699729952703291,-0.037599229369951,1356,1532,1590,1749,1991,2166,2139,2188,2070,1873,1406,2.204906
field_8,2024-11-19,0.0655246252676659,0.0903721204961606,-0.0685437399999999,0.1472244569589702,0.1192544964810148,-0.0816998316913042,-0.0288823759848542,2282,2298,2182,2300,2373,2438,2488,2389,2365,1814,1357,0.330331
field_8,2024-11-24,0.349223546406645,0.2107855959543116,0.03262886,0.0655246252676659,0.0903721204961606,0.283698921138979,0.120413475458151,774,870,901,1155,1571,1845,1868,1952,1772,1735,1391,0.000123
field_8,2024-11-29,0.3265737220109844,0.1538982240981126,0.028869,0.349223546406645,0.2107855959543116,-0.0226498243956606,-0.056887371856199,506,730,797,993,1417,1482,1570,1729,1676,1608,1269,0.000302
field_8,2024-12-04,0.4451665312753858,0.2230453009890512,0.05404777,0.3265737220109844,0.1538982240981126,0.1185928092644014,0.0691470768909386,479,612,683,882,1517,1689,1779,1753,1632,1572,1241,0.000866
field_8,2024-12-09,0.3557187827911857,0.2050155223158489,0.04159503,0.4451665312753858,0.2230453009890512,-0.0894477484842001,-0.0180297786732023,675,873,921,1177,1698,1837,1938,1963,1771,1577,1193,0.001798
field_8,2024-12-14,0.5087866108786611,0.2528066528066529,0.06317147,0.3566137566137566,0.2197826086956522,0.1521728542649044,0.0330240441110006,440,574,587,925,1394,1674,1803,1736,1594,1519,1209,0.023527
field_8,2024-12-19,0.1862630966239813,0.1324667798153744,-0.0004150799999999,0.5087866108786611,0.2528066528066529,-0.3225235142546797,-0.1203398729912784,1113,1346,1398,1644,1846,2000,2038,2050,2041,1738,1231,0.029907
field_9,2024-02-28,0.1183281558881671,0.0898100913104985,-0.0343248899999999,0.1513420902341519,0.1104903268845897,-0.0330139343459847,-0.0206802355740911,1291,1363,1561,1762,1864,2014,1980,2123,1928,2476,2429,0.000508
field_9,2024-03-04,0.1530584002214226,0.1153477118184473,-0.0206430699999999,0.1183281558881671,0.0898100913104985,0.0347302443332554,0.0255376205079487,1237,1316,1530,1753,1794,2040,2083,2064,1949,2371,2277,15.682623
field_9,2024-03-09,0.1361372440509131,0.1030237038277912,-0.0275816899999999,0.1530584002214226,0.1153477118184473,-0.0169211561705095,-0.012324007990656,1264,1348,1561,1793,1852,2015,2053,2043,1969,2495,2420,2.003109
field_9,2024-03-14,0.118154017236586,0.0761539564220183,-0.02321548,0.1361372440509131,0.1030237038277912,-0.017983226814327,-0.0268697474057729,1010,1311,1586,1890,1756,2019,2011,2108,2016,2551,2411,0.081241
field_9,2024-03-19,0.1085744624369524,0.080057939242092,-0.0346050099999999,0.118154017236586,0.0761539564220183,-0.0095795547996335,0.0039039828200737,1252,1419,1679,1961,1877,2116,2088,2225,2060,2663,2596,0.000362
field_9,2024-04-08,0.1050528789659224,0.0855338691159586,-0.0415351999999999,0.1085744624369524,0.080057939242092,-0.00352158347103,0.0054759298738665,1428,1631,1904,2122,2118,2381,2351,2371,2293,2919,2914,0.000368
field_9,2024-04-18,0.085701499216827,0.0743891543332168,-0.0518123499999999,0.1050528789659224,0.0855338691159586,-0.0193513797490954,-0.0111447147827418,1575,1767,2043,2336,2248,2571,2426,2560,2481,3096,3033,13.275427
field_9,2024-05-08,0.0826465740522721,0.0645956788987449,-0.04551282,0.085701499216827,0.0743891543332168,-0.0030549251645548,-0.0097934754344718,1387,1617,1948,2174,2148,2350,2299,2485,2314,3014,2921,0.000348
field_9,2024-05-13,0.0892065056678166,0.0751162018592297,-0.0485090299999999,0.0826465740522721,0.0645956788987449,0.0065599316155444,0.0105205229604847,1500,1655,1848,2084,2146,2233,2210,2335,2299,2868,2733,3.504587
field_9,2024-05-18,0.0907398790134946,0.0739028272568786,-0.0464544699999999,0.0892065056678166,0.0751162018592297,0.0015333733456779,-0.001213374602351,1450,1661,1954,2201,2198,2425,2344,2472,2373,2971,2957,0.000355
field_9,2024-05-23,0.0777177741253815,0.0572406875799813,-0.0421006299999999,0.0907398790134946,0.0739028272568786,-0.0130221048881131,-0.0166621396768973,1283,1612,1964,2166,2240,2400,2295,2518,2347,3009,2836,0.025355
field_9,2024-05-28,0.1018124860147684,0.0827784448568205,-0.0427994099999999,0.0777177741253815,0.0572406875799813,0.0240947118893868,0.0255377572768392,1435,1673,2007,2300,2295,2477,2462,2563,2484,3097,3135,0.000677
field_9,2024-06-02,0.0853091070241524,0.0731633157234616,-0.0487522299999999,0.1018124860147684,0.0827784448568205,-0.0165033789906159,-0.0096151291333588,1557,1750,2064,2410,2373,2567,2449,2625,2594,3144,2966,1.413648
field_9,2024-06-07,0.0690067810131631,0.0660986512818553,-0.0619660799999999,0.0853091070241524,0.0731633157234616,-0.0163023260109893,-0.0070646644416063,1813,2016,2334,2609,2491,2749,2680,2819,2719,3214,3082,17.127565
field_9,2024-06-12,0.0808919982509838,0.067820221423858,-0.0502268399999999,0.0690067810131631,0.0660986512818553,0.0118852172378206,0.0017215701420027,1526,1796,2102,2416,2316,2524,2472,2662,2610,3145,3013,0.20277
field_9,2024-06-17,0.0546687948922585,0.0497747420433077,-0.06457523,0.0808919982509838,0.067820221423858,-0.0262232033587252,-0.0180454793805503,1746,1984,2369,2701,2566,2924,2643,2897,2731,3414,3215,6.899649
field_9,2024-09-15,0.1096121416526138,0.1034427881809983,-0.0427330799999999,0.0546687948922585,0.0497747420433077,0.0549433467603552,0.0536680461376906,1607,1466,1584,1883,1744,2001,1974,2221,2111,2602,2222,8.940335
field_9,2024-10-05,0.1479410269445856,0.1305342484187862,-0.0298496899999999,0.1096121416526138,0.1034427881809983,0.0383288852919718,0.0270914602377878,1489,1437,1676,1959,2064,2283,2258,2382,2275,2831,2704,0.02275
field_9,2024-10-10,0.1352537722908093,0.103811328700779,-0.0286950499999999,0.1479410269445856,0.1305342484187862,-0.0126872546537763,-0.0267229197180071,1287,1328,1576,1903,1986,2165,2069,2123,2124,2678,2577,3e-05
field_9,2024-10-15,0.1264790954509597,0.0976015583783125,-0.0308692499999999,0.1352537722908093,0.103811328700779,-0.0087746768398495,-0.0062097703224664,1305,1377,1661,1982,1939,2258,2142,2285,2159,2890,2739,0.000418
field_9,2024-10-20,0.0916334661354581,0.062736235046565,-0.0363032199999999,0.1264790954509597,0.0976015583783125,-0.0348456293155015,-0.0348653233317475,1155,1348,1596,1872,1762,1919,1918,2042,2001,2542,2450,2.06503
field_9,2024-10-25,0.0975499092558983,0.0786652519117485,-0.0366851199999999,0.0916334661354581,0.062736235046565,0.0059164431204401,0.0159290168651834,1425,1543,1989,2144,2080,2375,2419,2357,2138,2942,2796,9.3e-05
field_9,2024-10-30,0.08683314415437,0.0597236318213755,-0.0364053799999999,0.0975499092558983,0.0786652519117485,-0.0107167651015283,-0.0189416200903729,1168,1357,1609,1863,1759,1980,1915,2022,2035,2440,2324,4.6e-05
field_9,2024-11-04,0.0487329434697855,0.0431816219017186,-0.0622583499999999,0.08683314415437,0.0597236318213755,-0.0381002006845844,-0.0165420099196569,1638,1777,1952,2116,2097,2143,2152,2242,2208,2478,2384,0.019061
field_9,2024-11-09,0.0835249042145593,0.0692356553038323,-0.0467218699999999,0.0487329434697855,0.0431816219017186,0.0347919607447738,0.0260540334021137,1477,1586,1794,1984,1980,2123,2121,2190,2074,2505,2399,0.000199
field_9,2024-11-14,0.0396640223985067,0.0354876419505677,-0.0642053399999999,0.0835249042145593,0.0692356553038323,-0.0438608818160526,-0.0337480133532645,1680,1870,2058,2175,2153,2338,2228,2247,2254,2481,2287,2.204906
field_9,2024-11-19,0.0140454995054401,0.0201304224553445,-0.1006953699999999,0.0396640223985067,0.0354876419505677,-0.0256185228930666,-0.0153572194952232,2493,2542,2492,2595,2577,2556,2563,2509,2502,2215,2032,0.330331
field_9,2024-11-24,0.0908059023836549,0.0643267800426165,-0.0369574,0.0140454995054401,0.0201304224553445,0.0767604028782147,0.0441963575872719,1213,1390,1602,1725,1814,1839,1922,1975,1903,2174,2164,0.000123
field_9,2024-11-29,0.0787187839305103,0.0551477579583919,-0.0407571499999999,0.0908059023836549,0.0643267800426165,-0.0120871184531446,-0.0091790220842245,1203,1464,1697,1998,1841,2011,1987,2058,1962,2398,2370,0.000302
field_9,2024-12-04,0.0797433547204399,0.0517015966086921,-0.0361378299999999,0.0787187839305103,0.0551477579583919,0.0010245707899296,-0.0034461613496997,1091,1276,1506,1696,1599,1808,1767,1832,1755,2187,2138,0.000866
field_9,2024-12-09,0.080553295362083,0.0594261475049021,-0.0390903599999999,0.0797433547204399,0.0517015966086921,0.000809940641643,0.0077245508962099,1289,1496,1695,1813,1875,1901,1992,1919,1938,2149,2008,0.001798
field_9,2024-12-14,0.1215638362858888,0.0785226689815728,-0.0227885699999999,0.068929503916449,0.0518053375196232,0.0526343323694397,0.0267173314619495,1039,1183,1438,1513,1701,1642,1836,1852,1725,1991,1996,0.023527
field_9,2024-12-19,0.0676572035022552,0.0465702388779312,-0.03750032,0.1215638362858888,0.0785226689815728,-0.0539066327836335,-0.0319524301036416,1182,1496,1757,1942,1897,1924,2012,1956,2023,2095,1957,0.029907
