B11,B12,B2,B3,B4,B5,B6,B7,B8,B8A,B9,EVI,NDVI,TCG,cloud_percentage,date,field_id,previous_ndvi,previous_evi,ndvi_change,evi_change,ml_prediction,prediction_confidence
0.1991,0.1962,0.0896,0.1142,0.1434,0.1439,0.157,0.1643,0.1854,0.1732,0.1756,0.0764303392051244,0.1277372262773723,-0.0143382099999999,0.000508,2024-02-28,field_1,0.1425885302413037,0.0830231369972994,-0.0148513039639313,-0.006592797792175,Moderate Stress,0.535
0.1989,0.1899,0.103,0.13,0.161,0.1569,0.1505,0.1788,0.2029,0.1753,0.1875,0.0750143225436837,0.1151415223962626,-0.01793301,15.682623,2024-03-04,field_1,0.1277372262773723,0.0764303392051244,-0.0125957038811096,-0.0014160166614407,Moderate Stress,0.575
0.1978,0.1886,0.1112,0.1306,0.16,0.1527,0.1695,0.1747,0.2036,0.1697,0.1883,0.0819795427196149,0.1199119911991199,-0.0193081,2.003109,2024-03-09,field_1,0.1151415223962626,0.0750143225436837,0.0047704688028572,0.0069652201759311,Moderate Stress,0.47
0.2044,0.1892,0.0722,0.1048,0.1368,0.147,0.1481,0.1588,0.1858,0.1675,0.1939,0.0836120401337792,0.1518908865468072,-0.0015622999999999,0.081241,2024-03-14,field_1,0.1199119911991199,0.0819795427196149,0.0319788953476873,0.0016324974141643,High Stress,0.545
0.218,0.2116,0.1028,0.127,0.1656,0.1709,0.1709,0.1918,0.1976,0.1868,0.2051,0.056330094352908,0.0881057268722467,-0.0256240399999999,0.000362,2024-03-19,field_1,0.1518908865468072,0.0836120401337792,-0.0637851596745605,-0.0272819457808712,Stable,0.435
0.2302,0.2225,0.1208,0.1394,0.1682,0.1778,0.1677,0.1836,0.2122,0.1928,0.2128,0.0836247529268663,0.1156677181913774,-0.0256011799999999,0.000368,2024-04-08,field_1,0.0881057268722467,0.056330094352908,0.0275619913191307,0.0272946585739582,Moderate Stress,0.55
0.2451,0.2346,0.117,0.137,0.1739,0.1825,0.1845,0.2016,0.2164,0.2031,0.2249,0.076864645880055,0.1088905969766846,-0.0248194699999999,13.275427,2024-04-18,field_1,0.1156677181913774,0.0836247529268663,-0.0067771212146928,-0.0067601070468113,Moderate Stress,0.69
0.2314,0.2249,0.1018,0.122,0.1542,0.1623,0.1633,0.1748,0.1914,0.1868,0.2024,0.0687310620057645,0.1076388888888889,-0.0236259199999999,0.000348,2024-05-08,field_1,0.1088905969766846,0.076864645880055,-0.0012517080877957,-0.0081335838742904,Moderate Stress,0.515
0.2239,0.2145,0.1256,0.1422,0.1578,0.1697,0.1723,0.1864,0.19,0.1901,0.2065,0.0673752929360562,0.0925819436457734,-0.0373678099999999,3.504587,2024-05-13,field_1,0.1076388888888889,0.0687310620057645,-0.0150569452431154,-0.0013557690697083,Moderate Stress,0.435
0.2287,0.2258,0.1152,0.129,0.1636,0.1702,0.1729,0.1822,0.1962,0.1944,0.205,0.0620337950981885,0.0906058921623124,-0.03121117,0.000355,2024-05-18,field_1,0.0925819436457734,0.0673752929360562,-0.001976051483461,-0.0053414978378677,Moderate Stress,0.42
0.2311,0.2117,0.0882,0.119,0.157,0.1674,0.1665,0.1781,0.1776,0.1882,0.1968,0.0353199369041904,0.0615660490137477,-0.0283555899999999,0.025355,2024-05-23,field_1,0.0906058921623124,0.0620337950981885,-0.0290398431485646,-0.0267138581939981,Stable,0.385
0.2359,0.2311,0.1172,0.1326,0.165,0.1689,0.1728,0.1869,0.1976,0.1867,0.207,0.0622802995567782,0.0899062327633755,-0.0327537699999999,0.000677,2024-05-28,field_1,0.0615660490137477,0.0353199369041904,0.0283401837496278,0.0269603626525878,Moderate Stress,0.53
0.2477,0.2324,0.117,0.138,0.1776,0.1807,0.181,0.195,0.2168,0.2009,0.2264,0.0697558545092177,0.0993914807302231,-0.0262391699999999,1.413648,2024-06-02,field_1,0.0899062327633755,0.0622802995567782,0.0094852479668475,0.0074755549524395,Moderate Stress,0.58
0.2616,0.2502,0.1202,0.1444,0.192,0.1937,0.1894,0.2048,0.2244,0.2138,0.229,0.0549189775578005,0.0778097982708934,-0.0328874599999999,17.127565,2024-06-07,field_1,0.0993914807302231,0.0697558545092177,-0.0215816824593297,-0.0148368769514172,Moderate Stress,0.58
0.2398,0.2288,0.1126,0.1308,0.1706,0.1783,0.1833,0.188,0.1986,0.1941,0.2152,0.050809319880961,0.075839653304442,-0.03262544,0.20277,2024-06-12,field_1,0.0778097982708934,0.0549189775578005,-0.0019701449664513,-0.0041096576768395,Moderate Stress,0.54
0.243,0.2405,0.0938,0.124,0.1759,0.181,0.1632,0.1913,0.1964,0.1993,0.2146,0.0331008202544726,0.0550631211388665,-0.0315725999999999,6.899649,2024-06-17,field_1,0.075839653304442,0.050809319880961,-0.0207765321655754,-0.0177084996264883,Moderate Stress,0.5
0.2602,0.2335,0.1626,0.1688,0.1852,0.1903,0.1979,0.2155,0.2222,0.2372,0.2315,0.0830415656701678,0.0908198330878743,-0.0466133599999999,8.940335,2024-09-15,field_1,0.0550631211388665,0.0331008202544726,0.0357567119490077,0.0499407454156952,Moderate Stress,0.64
0.2296,0.2161,0.1282,0.139,0.1644,0.1617,0.1673,0.1884,0.1952,0.1875,0.2077,0.0631095811818703,0.0856507230255839,-0.0370020599999999,0.02275,2024-10-05,field_1,0.0908198330878743,0.0830415656701678,-0.0051691100622903,-0.0199319844882975,Moderate Stress,0.455
0.2177,0.2035,0.1056,0.1266,0.164,0.1663,0.1673,0.1862,0.1982,0.1951,0.1964,0.0615019421665947,0.0944229707344009,-0.0237648299999999,3e-05,2024-10-10,field_1,0.0856507230255839,0.0631095811818703,0.0087722477088169,-0.0016076390152755,Moderate Stress,0.61
0.2246,0.21,0.1192,0.1204,0.1522,0.1559,0.1652,0.1811,0.2003,0.1837,0.196,0.0986059860598606,0.1364539007092198,-0.01888294,0.000418,2024-10-15,field_1,0.0944229707344009,0.0615019421665947,0.0420309299748189,0.0371040438932658,Moderate Stress,0.48
0.2049,0.1894,0.112,0.1222,0.1512,0.1642,0.1599,0.1726,0.1898,0.1809,0.1897,0.0767700875099443,0.1131964809384164,-0.0223923499999999,2.06503,2024-10-20,field_1,0.1364539007092198,0.0986059860598606,-0.0232574197708034,-0.0218358985499163,Moderate Stress,0.43
0.2276,0.2092,0.1146,0.133,0.1668,0.1778,0.1579,0.1834,0.1955,0.1884,0.1946,0.0536729503291442,0.0792161192382003,-0.03166086,9.3e-05,2024-10-25,field_1,0.1131964809384164,0.0767700875099443,-0.033980361700216,-0.0230971371808,Stable,0.53
0.2051,0.1891,0.0932,0.1186,0.1542,0.1654,0.1589,0.1744,0.187,0.1809,0.1906,0.0580243419190489,0.0961313012895662,-0.01959045,4.6e-05,2024-10-30,field_1,0.0792161192382003,0.0536729503291442,0.0169151820513658,0.0043513915899047,Moderate Stress,0.475
0.2133,0.1969,0.1554,0.163,0.182,0.1882,0.1929,0.1932,0.2058,0.2007,0.2048,0.0525479113309194,0.0613718411552346,-0.0507420899999999,0.019061,2024-11-04,field_1,0.0961313012895662,0.0580243419190489,-0.0347594601343315,-0.0054764305881295,Stable,0.485
0.1992,0.1821,0.1322,0.149,0.1652,0.1702,0.1698,0.1761,0.1828,0.1779,0.188,0.0372093023255814,0.0505747126436781,-0.0467649399999999,0.000199,2024-11-09,field_1,0.0613718411552346,0.0525479113309194,-0.0107971285115565,-0.015338609005338,Stable,0.46
0.2114,0.1866,0.1816,0.1944,0.2034,0.2192,0.2149,0.2248,0.2212,0.2183,0.2229,0.0412189699888847,0.041921808761187,-0.0649592599999999,2.204906,2024-11-14,field_1,0.0505747126436781,0.0372093023255814,-0.0086529038824911,0.0040096676633033,Moderate Stress,0.565
0.187,0.1694,0.2396,0.2432,0.238,0.2438,0.2399,0.2399,0.24,0.227,0.2332,0.0057405281285878,0.00418410041841,-0.0979375799999999,0.330331,2024-11-19,field_1,0.041921808761187,0.0412189699888847,-0.0377377083427769,-0.0354784418602969,Stable,0.47
0.1857,0.1777,0.1036,0.1182,0.1492,0.1456,0.1474,0.1542,0.1794,0.1602,0.1674,0.0581843403205918,0.0919050517346317,-0.0249197499999999,0.000123,2024-11-24,field_1,0.00418410041841,0.0057405281285878,0.0877209513162217,0.052443812192004,High Stress,0.505
0.1807,0.1672,0.0864,0.1142,0.14,0.1489,0.1403,0.1398,0.1585,0.1406,0.1621,0.0342465753424657,0.0619765494137353,-0.0277740899999999,0.000302,2024-11-29,field_1,0.0919050517346317,0.0581843403205918,-0.0299285023208964,-0.0239377649781261,Stable,0.46
0.1771,0.1713,0.0861,0.0949,0.1252,0.1232,0.1292,0.1432,0.1642,0.1506,0.1538,0.0767928169180483,0.1347615756738079,-0.0117370799999999,0.000866,2024-12-04,field_1,0.0619765494137353,0.0342465753424657,0.0727850262600725,0.0425462415755825,High Stress,0.635
0.1693,0.1553,0.0943,0.1156,0.133,0.1463,0.149,0.1548,0.1661,0.1645,0.1721,0.065839201177547,0.1106653293212971,-0.0200104199999999,0.001798,2024-12-09,field_1,0.1347615756738079,0.0767928169180483,-0.0240962463525107,-0.0109536157405012,Moderate Stress,0.475
0.1688,0.1585,0.0966,0.103,0.1272,0.129,0.1305,0.1329,0.1786,0.1425,0.1469,0.1055614885402119,0.1680837148463047,-0.0059343399999999,0.023527,2024-12-14,field_1,0.0895622895622895,0.0530726256983239,0.0785214252840152,0.0524888628418879,High Stress,0.685
0.1805,0.165,0.132,0.149,0.166,0.1839,0.1823,0.1835,0.188,0.1771,0.1955,0.0460636515912897,0.0621468926553672,-0.0419401499999999,0.029907,2024-12-19,field_1,0.1680837148463047,0.1055614885402119,-0.1059368221909375,-0.0594978369489221,Stable,0.91
0.2135,0.1981,0.1244,0.1224,0.1468,0.1671,0.1589,0.1936,0.2357,0.174,0.1623,0.1877904520490071,0.2324183006535947,0.00890983,0.000508,2024-02-28,field_2,0.2167832167832167,0.2144833948339483,0.0156350838703779,-0.0266929427849411,Stable,0.41
0.2058,0.1811,0.121,0.1214,0.1388,0.15,0.1591,0.1878,0.2424,0.1828,0.1647,0.2218035454311895,0.2717733473242392,0.02155148,15.682623,2024-03-04,field_2,0.2324183006535947,0.1877904520490071,0.0393550466706444,0.0340130933821823,Stable,0.37
0.2271,0.2158,0.1576,0.1484,0.1484,0.1617,0.1589,0.1939,0.2692,0.1997,0.1745,0.3089198036006546,0.289272030651341,0.0144579899999999,2.003109,2024-03-09,field_2,0.2717733473242392,0.2218035454311895,0.0174986833271017,0.0871162581694651,Stable,0.48
0.2385,0.2098,0.1324,0.1198,0.1546,0.1721,0.1727,0.1942,0.245,0.2148,0.1851,0.1915903696168193,0.2262262262262262,0.00962593,0.081241,2024-03-14,field_2,0.289272030651341,0.3089198036006546,-0.0630458044251147,-0.1173294339838353,Stable,0.78
0.2481,0.2361,0.1558,0.1508,0.1694,0.1683,0.1807,0.2075,0.2563,0.1965,0.183,0.1967487773953994,0.2041343669250646,-0.0081392099999999,0.000362,2024-03-19,field_2,0.2262262262262262,0.1915903696168193,-0.0220918593011615,0.0051584077785801,Stable,0.535
0.2578,0.247,0.1526,0.1588,0.1856,0.1863,0.2043,0.2396,0.2742,0.2462,0.2147,0.1781549103193114,0.1926924749891256,-0.00596604,0.000368,2024-04-08,field_2,0.2041343669250646,0.1967487773953994,-0.011441891935939,-0.0185938670760879,Stable,0.45
0.2131,0.1752,0.1562,0.126,0.1575,0.1599,0.1698,0.1945,0.243,0.1907,0.1777,0.2102803738317757,0.2134831460674157,0.0018442499999999,13.275427,2024-04-18,field_2,0.1926924749891256,0.1781549103193114,0.0207906710782901,0.0321254635124642,Moderate Stress,0.365
0.3039,0.2881,0.165,0.1664,0.2032,0.2175,0.2299,0.2741,0.285,0.2931,0.2377,0.1614431199178969,0.1675542810323637,-0.0164697899999999,0.000348,2024-05-08,field_2,0.2134831460674157,0.2102803738317757,-0.045928865035052,-0.0488372539138787,Stable,0.425
0.2846,0.2688,0.1566,0.1608,0.1904,0.2032,0.2135,0.2314,0.2468,0.2528,0.2294,0.1160780439614719,0.1290027447392497,-0.0317627999999999,3.504587,2024-05-13,field_2,0.1675542810323637,0.1614431199178969,-0.038551536293114,-0.0453650759564249,Stable,0.43
0.2925,0.2921,0.1592,0.1566,0.2026,0.2013,0.2103,0.2385,0.2688,0.2512,0.2284,0.1282548047117173,0.1404327535002122,-0.0253003099999999,0.000355,2024-05-18,field_2,0.1290027447392497,0.1160780439614719,0.0114300087609624,0.0121767607502454,Moderate Stress,0.53
0.3088,0.2884,0.1666,0.1842,0.2194,0.2209,0.2367,0.2708,0.2896,0.285,0.2389,0.1293770733505344,0.1379174852652259,-0.0264045399999999,0.025355,2024-05-23,field_2,0.1404327535002122,0.1282548047117173,-0.0025152682349862,0.001122268638817,Moderate Stress,0.65
0.3158,0.3074,0.1842,0.2018,0.2238,0.2277,0.2448,0.2766,0.3076,0.2875,0.2452,0.1651036330680117,0.1576966503575461,-0.0277033599999999,0.000677,2024-05-28,field_2,0.1379174852652259,0.1293770733505344,0.0197791650923201,0.0357265597174772,Moderate Stress,0.435
0.321,0.3047,0.1934,0.2116,0.2148,0.2391,0.2436,0.2836,0.334,0.2832,0.2638,0.2542011430521197,0.217201166180758,-0.0078953199999999,1.413648,2024-06-02,field_2,0.1576966503575461,0.1651036330680117,0.0595045158232118,0.089097509984108,High Stress,0.395
0.3232,0.3012,0.233,0.2122,0.2658,0.2429,0.2461,0.299,0.3588,0.3191,0.2692,0.1927700853992205,0.1488952929875119,-0.02858574,17.127565,2024-06-07,field_2,0.217201166180758,0.2542011430521197,-0.068305873193246,-0.0614310576528991,Stable,0.68
0.3089,0.3092,0.217,0.206,0.2186,0.2325,0.252,0.2709,0.3316,0.3004,0.2543,0.2781333070788617,0.2053798618684114,-0.0188689699999999,0.20277,2024-06-12,field_2,0.1488952929875119,0.1927700853992205,0.0564845688808995,0.0853632216796412,High Stress,0.405
0.345,0.3324,0.2338,0.232,0.2463,0.247,0.2463,0.2963,0.3232,0.3003,0.2628,0.1835322195704057,0.1350307287093942,-0.0524207999999999,6.899649,2024-06-17,field_2,0.2053798618684114,0.2781333070788617,-0.0703491331590172,-0.0946010875084559,Stable,0.72
0.2042,0.1672,0.1394,0.1474,0.1572,0.1703,0.1923,0.2178,0.2175,0.2299,0.2529,0.1351775466284074,0.1609287429943954,-0.0161543199999999,8.940335,2024-09-15,field_2,0.1350307287093942,0.1835322195704057,0.0258980142850012,-0.0483546729419983,Moderate Stress,0.58
0.1941,0.1734,0.0954,0.1042,0.1282,0.1536,0.1424,0.1717,0.1676,0.1753,0.2107,0.0806517645132236,0.1331981068289384,-0.0150110499999999,0.02275,2024-10-05,field_2,0.1609287429943954,0.1351775466284074,-0.027730636165457,-0.0545257821151838,Moderate Stress,0.54
0.1963,0.1703,0.105,0.1282,0.1388,0.1516,0.1506,0.181,0.199,0.1797,0.1968,0.1209515390179217,0.1782119597394908,-0.0059138699999999,3e-05,2024-10-10,field_2,0.1331981068289384,0.0806517645132236,0.0450138529105524,0.0402997745046981,Moderate Stress,0.45
0.186,0.1657,0.093,0.101,0.129,0.1372,0.138,0.1662,0.1726,0.1678,0.192,0.0872628292370507,0.1445623342175066,-0.0096628999999999,0.000418,2024-10-15,field_2,0.1782119597394908,0.1209515390179217,-0.0336496255219841,-0.033688709780871,Moderate Stress,0.415
0.215,0.1869,0.125,0.1392,0.1608,0.1469,0.1648,0.1859,0.2353,0.1956,0.1895,0.14751306827182,0.1880838172178743,-0.0013257599999999,2.06503,2024-10-20,field_2,0.1445623342175066,0.0872628292370507,0.0435214830003676,0.0602502390347693,Moderate Stress,0.455
0.1506,0.1324,0.085,0.0818,0.1144,0.1123,0.1343,0.1213,0.1367,0.1531,0.1848,0.047022604588394,0.0888092393468738,-0.0180156799999999,9.3e-05,2024-10-25,field_2,0.1880838172178743,0.14751306827182,-0.0992745778710004,-0.1004904636834259,Stable,0.745
0.1999,0.174,0.113,0.1154,0.136,0.1347,0.1492,0.1646,0.2013,0.1936,0.1859,0.1395537698751923,0.1935962051586124,-0.0023023499999999,4.6e-05,2024-10-30,field_2,0.0888092393468738,0.047022604588394,0.1047869658117386,0.0925311652867982,High Stress,0.445
0.2045,0.1796,0.1612,0.1708,0.1842,0.187,0.1936,0.2062,0.2316,0.2079,0.2117,0.1050718212449015,0.1139971139971139,-0.03461007,0.019061,2024-11-04,field_2,0.1935962051586124,0.1395537698751923,-0.0795990911614984,-0.0344819486302907,Stable,0.745
0.1673,0.1337,0.121,0.1376,0.1484,0.1572,0.1664,0.1791,0.1726,0.1773,0.1897,0.0523582864560796,0.0753894080996884,-0.0335017699999999,0.000199,2024-11-09,field_2,0.1139971139971139,0.1050718212449015,-0.0386077058974255,-0.0527135347888219,Stable,0.65
0.2128,0.1847,0.1824,0.1946,0.2054,0.2085,0.2267,0.2381,0.2526,0.2403,0.2313,0.1056401074306177,0.1030567685589519,-0.0430759599999999,2.204906,2024-11-14,field_2,0.0753894080996884,0.0523582864560796,0.0276673604592634,0.0532818209745381,Moderate Stress,0.505
0.199,0.1672,0.2424,0.25,0.2434,0.2442,0.2493,0.2566,0.2636,0.2404,0.2442,0.0557395143487858,0.0398422090729782,-0.0849616999999999,0.330331,2024-11-19,field_2,0.1030567685589519,0.1056401074306177,-0.0632145594859736,-0.0499005930818318,Stable,0.715
0.1877,0.1682,0.1294,0.133,0.1588,0.1501,0.1583,0.18,0.203,0.1715,0.1639,0.0932253437948199,0.1221669430624654,-0.0224694099999999,0.000123,2024-11-24,field_2,0.0398422090729782,0.0557395143487858,0.0823247339894872,0.037485829446034,High Stress,0.49
0.1432,0.1099,0.0814,0.1014,0.124,0.1203,0.1355,0.1374,0.1428,0.1474,0.1554,0.036825197837499,0.0704647676161919,-0.0193980199999999,0.000302,2024-11-29,field_2,0.1221669430624654,0.0932253437948199,-0.0517021754462735,-0.0564001459573208,Stable,0.565
0.1664,0.1546,0.1006,0.131,0.1226,0.1298,0.1378,0.1464,0.1786,0.1507,0.1407,0.1207208760886436,0.1859229747675962,-0.0109636999999999,0.000866,2024-12-04,field_2,0.0704647676161919,0.036825197837499,0.1154582071514043,0.0838956782511445,High Stress,0.62
0.1731,0.1483,0.1328,0.1418,0.161,0.1498,0.1461,0.1722,0.2151,0.1676,0.1687,0.1141253902624251,0.1438447221483648,-0.0158381299999999,0.001798,2024-12-09,field_2,0.1859229747675962,0.1207208760886436,-0.0420782526192314,-0.0065954858262185,Stable,0.55
0.1617,0.1558,0.1034,0.1166,0.1352,0.1295,0.1211,0.1648,0.2035,0.1313,0.1347,0.1377905100064557,0.2016533805727782,0.00246695,0.023527,2024-12-14,field_2,0.1420794774088186,0.1033335972761105,0.0595739031639595,0.0344569127303452,High Stress,0.535
0.1869,0.1432,0.1526,0.1648,0.1776,0.1852,0.1922,0.2046,0.2314,0.2104,0.1974,0.116702819956616,0.1315403422982885,-0.0225902499999999,0.029907,2024-12-19,field_2,0.2016533805727782,0.1377905100064557,-0.0701130382744897,-0.0210876900498396,Stable,0.565
0.2296,0.2242,0.1152,0.1462,0.1714,0.1905,0.2038,0.1995,0.195,0.1945,0.2222,0.0434015006620568,0.064410480349345,-0.0401731599999999,0.000508,2024-02-28,field_3,0.0976068835708523,0.0638230536605949,-0.0331964032215073,-0.0204215529985381,Stable,0.405
0.2284,0.2182,0.1138,0.1492,0.1838,0.1965,0.206,0.2044,0.2203,0.2226,0.228,0.0620917256396298,0.0903241771838653,-0.0279286599999999,15.682623,2024-03-04,field_3,0.064410480349345,0.0434015006620568,0.0259136968345203,0.018690224977573,Moderate Stress,0.635
0.2378,0.229,0.134,0.1506,0.1796,0.2063,0.2075,0.2153,0.2151,0.2075,0.2353,0.0689213326085268,0.0899417278946034,-0.0367815399999999,2.003109,2024-03-09,field_3,0.0903241771838653,0.0620917256396298,-0.0003824492892618,0.0068296069688969,Moderate Stress,0.79
0.2435,0.2313,0.1322,0.1596,0.196,0.2129,0.2105,0.216,0.2164,0.2333,0.2456,0.0364051681062174,0.049466537342386,-0.0463520699999999,0.081241,2024-03-14,field_3,0.0899417278946034,0.0689213326085268,-0.0404751905522174,-0.0325161645023093,Moderate Stress,0.375
0.2498,0.2498,0.1166,0.1478,0.1859,0.212,0.2274,0.2115,0.2066,0.2231,0.2465,0.0357512953367875,0.0527388535031847,-0.04307456,0.000362,2024-03-19,field_3,0.049466537342386,0.0364051681062174,0.0032723161607986,-0.0006538727694298,Moderate Stress,0.685
0.2591,0.262,0.1408,0.1606,0.201,0.2072,0.2137,0.2241,0.2214,0.2413,0.2486,0.037188274755724,0.0482954545454545,-0.05202261,0.000368,2024-04-08,field_3,0.0527388535031847,0.0357512953367875,-0.0044433989577301,0.0014369794189365,Moderate Stress,0.675
0.2886,0.2839,0.1476,0.1714,0.2099,0.2292,0.2385,0.2607,0.2345,0.2536,0.2693,0.0443434998918451,0.0553555355535553,-0.0533608599999999,13.275427,2024-04-18,field_3,0.0482954545454545,0.037188274755724,0.0070600810081008,0.007155225136121,Moderate Stress,0.775
0.2921,0.2778,0.1334,0.1638,0.2,0.2294,0.2282,0.2432,0.2294,0.2524,0.2539,0.0514381692210791,0.0684676292501164,-0.0444484099999999,0.000348,2024-05-08,field_3,0.0553555355535553,0.0443434998918451,0.013112093696561,0.007094669329234,Moderate Stress,0.86
0.2711,0.2671,0.1396,0.162,0.1852,0.2094,0.2157,0.2218,0.2156,0.2309,0.2361,0.0593842787935615,0.0758483033932135,-0.0476245299999999,3.504587,2024-05-13,field_3,0.0684676292501164,0.0514381692210791,0.0073806741430971,0.0079461095724823,Moderate Stress,0.765
0.2771,0.2744,0.1406,0.1702,0.2024,0.2231,0.2282,0.2294,0.232,0.2394,0.2473,0.0531647388461815,0.0681399631675875,-0.04805391,0.000355,2024-05-18,field_3,0.0758483033932135,0.0593842787935615,-0.007708340225626,-0.0062195399473799,Moderate Stress,0.725
0.2903,0.2688,0.1268,0.1644,0.208,0.224,0.2358,0.248,0.2308,0.2525,0.249,0.0373085482392983,0.0519598906107565,-0.0446548499999999,0.025355,2024-05-23,field_3,0.0681399631675875,0.0531647388461815,-0.0161800725568309,-0.0158561906068831,Moderate Stress,0.775
0.2898,0.2813,0.1418,0.1754,0.2097,0.2328,0.2367,0.2401,0.2422,0.2418,0.255,0.0565453406639293,0.0719185660544368,-0.04641244,0.000677,2024-05-28,field_3,0.0519598906107565,0.0373085482392983,0.0199586754436802,0.0192367924246309,Moderate Stress,0.82
0.3016,0.2867,0.1504,0.1942,0.2324,0.2643,0.2656,0.2624,0.2578,0.2756,0.2798,0.0416611993176748,0.0518155854753162,-0.0544989999999999,1.413648,2024-06-02,field_3,0.0719185660544368,0.0565453406639293,-0.0201029805791206,-0.0148841413462544,Moderate Stress,0.72
0.313,0.2923,0.1694,0.215,0.2608,0.2886,0.269,0.291,0.2786,0.2908,0.2981,0.0282916905079788,0.0329996292176492,-0.06549904,17.127565,2024-06-07,field_3,0.0518155854753162,0.0416611993176748,-0.018815956257667,-0.0133695088096959,Moderate Stress,0.57
0.2966,0.2845,0.1562,0.1936,0.231,0.2582,0.2423,0.2545,0.2548,0.2658,0.2769,0.0404954740352549,0.0489913544668588,-0.0574851599999999,0.20277,2024-06-12,field_3,0.0329996292176492,0.0282916905079788,0.0159917252492096,0.012203783527276,Moderate Stress,0.765
0.3164,0.303,0.1742,0.2164,0.2692,0.2807,0.2688,0.2875,0.2802,0.2996,0.2903,0.0173075712757253,0.0200218420094648,-0.0721210599999999,6.899649,2024-06-17,field_3,0.0489913544668588,0.0404954740352549,-0.0289695124573939,-0.0231879027595295,Stable,0.385
0.2526,0.2115,0.1312,0.1412,0.1768,0.2047,0.2009,0.2238,0.1939,0.2431,0.2427,0.0336428740064531,0.0461289452387375,-0.04371102,8.940335,2024-09-15,field_3,0.0200218420094648,0.0173075712757253,0.0261071032292726,0.0163353027307277,Moderate Stress,0.66
0.2561,0.2238,0.118,0.1396,0.152,0.1771,0.1868,0.2047,0.2036,0.2158,0.2305,0.1048269137006338,0.1451068616422947,-0.02065915,0.02275,2024-10-05,field_3,0.0461289452387375,0.0336428740064531,0.0989779164035571,0.0711840396941806,Moderate Stress,0.505
0.2541,0.2205,0.1146,0.1432,0.1748,0.1746,0.2038,0.207,0.1988,0.2166,0.2342,0.0432245515452777,0.0642398286937901,-0.0360051699999999,3e-05,2024-10-10,field_3,0.1451068616422947,0.1048269137006338,-0.0808670329485046,-0.0616023621553561,Stable,0.675
0.2527,0.2277,0.1158,0.1324,0.1642,0.182,0.1825,0.1999,0.2172,0.2194,0.2274,0.099332783566984,0.1389617199790246,-0.0158539899999999,0.000418,2024-10-15,field_3,0.0642398286937901,0.0432245515452777,0.0747218912852345,0.0561082320217063,Moderate Stress,0.56
0.2513,0.2209,0.1334,0.1566,0.189,0.1933,0.198,0.2136,0.2138,0.2214,0.2325,0.0460179618496252,0.0615690168818272,-0.0418424899999999,2.06503,2024-10-20,field_3,0.1389617199790246,0.099332783566984,-0.0773927030971973,-0.0533148217173587,Stable,0.65
0.244,0.228,0.0904,0.1136,0.1338,0.163,0.1724,0.2048,0.1874,0.202,0.2237,0.1021185794848346,0.1668742216687422,-0.0096775199999999,9.3e-05,2024-10-25,field_3,0.0615690168818272,0.0460179618496252,0.1053052047869149,0.0561006176352094,Moderate Stress,0.53
0.2333,0.2136,0.1086,0.139,0.1694,0.1847,0.1877,0.1934,0.1939,0.2037,0.2211,0.0438816449348044,0.0674373795761079,-0.0342297699999999,4.6e-05,2024-10-30,field_3,0.1668742216687422,0.1021185794848346,-0.0994368420926342,-0.0582369345500302,Stable,0.71
0.2449,0.2214,0.1638,0.1816,0.2004,0.2051,0.209,0.2132,0.2194,0.2209,0.232,0.0398055811614849,0.0452596474511671,-0.0595036499999999,0.019061,2024-11-04,field_3,0.0674373795761079,0.0438816449348044,-0.0221777321249407,-0.0040760637733195,Moderate Stress,0.565
0.2269,0.2047,0.1396,0.1582,0.1732,0.1892,0.1921,0.1994,0.1998,0.2104,0.2177,0.0557885906040268,0.0713136729222519,-0.04480595,0.000199,2024-11-09,field_3,0.0452596474511671,0.0398055811614849,0.0260540254710847,0.0159830094425418,Moderate Stress,0.695
0.2153,0.2085,0.158,0.1706,0.188,0.2014,0.1985,0.2087,0.2032,0.2058,0.2132,0.03315302739487,0.0388548057259714,-0.0602223899999999,2.204906,2024-11-14,field_3,0.0713136729222519,0.0557885906040268,-0.0324588671962805,-0.0226355632091567,Stable,0.425
0.2256,0.1992,0.2384,0.2512,0.2474,0.254,0.2531,0.2487,0.2556,0.2457,0.253,0.0215336134453781,0.0163021868787276,-0.0953163199999999,0.330331,2024-11-19,field_3,0.0388548057259714,0.03315302739487,-0.0225526188472438,-0.0116194139494919,Moderate Stress,0.445
0.2177,0.2092,0.1222,0.1366,0.1614,0.1664,0.1797,0.1808,0.1908,0.1935,0.2049,0.0591454091896676,0.0834752981260646,-0.03596745,0.000123,2024-11-24,field_3,0.0163021868787276,0.0215336134453781,0.067173111247337,0.0376117957442894,Moderate Stress,0.42
0.2033,0.1905,0.085,0.1126,0.144,0.161,0.1571,0.171,0.1807,0.1822,0.1972,0.0652003979533825,0.1130274099168462,-0.01512569,0.000302,2024-11-29,field_3,0.0834752981260646,0.0591454091896676,0.0295521117907816,0.0060549887637149,Moderate Stress,0.425
0.2158,0.205,0.1144,0.1358,0.1686,0.175,0.1711,0.1943,0.198,0.1982,0.2027,0.0543799940810891,0.0801963993453355,-0.0316057399999999,0.000866,2024-12-04,field_3,0.1130274099168462,0.0652003979533825,-0.0328310105715107,-0.0108204038722934,Stable,0.48
0.2108,0.1973,0.1214,0.1396,0.1678,0.1774,0.1801,0.1861,0.1959,0.1905,0.2071,0.0543646494350719,0.0772614792411328,-0.0348002199999999,0.001798,2024-12-09,field_3,0.0801963993453355,0.0543799940810891,-0.0029349201042027,-1.5344646017108332e-05,Moderate Stress,0.485
0.2093,0.2017,0.1152,0.1348,0.1674,0.1676,0.1694,0.1693,0.2027,0.1826,0.2028,0.0657062020698384,0.0953796271278032,-0.0274602299999999,0.023527,2024-12-14,field_3,0.0705346985210466,0.0472524959987805,0.0248449286067566,0.0184537060710578,Moderate Stress,0.48
0.2247,0.2002,0.1466,0.1768,0.1948,0.2144,0.2111,0.2166,0.2206,0.2098,0.2299,0.0500038762694782,0.0621088107847857,-0.0473994699999999,0.029907,2024-12-19,field_3,0.0953796271278032,0.0657062020698384,-0.0332708163430174,-0.0157023258003601,Stable,0.38
0.2279,0.2214,0.1474,0.1644,0.1936,0.1951,0.1941,0.1991,0.222,0.2095,0.1898,0.0555512088256004,0.0683349374398459,-0.04613283,0.000498,2024-02-23,field_4,0.0641723892967085,0.0511591029222986,0.0041625481431374,0.0043921059033018,Moderate Stress,0.6
0.2346,0.2358,0.1532,0.1776,0.1918,0.1892,0.1945,0.1991,0.2109,0.207,0.1872,0.0393749484621093,0.0474298485224733,-0.0599840599999999,0.000501,2024-02-28,field_4,0.0424597364568081,0.0347360856024914,0.0049701120656651,0.0046388628596179,Moderate Stress,0.595
0.2326,0.2226,0.1444,0.1722,0.1836,0.1794,0.1874,0.1965,0.2182,0.2046,0.1887,0.0699385510996118,0.0861124937779989,-0.0443446599999999,5.629208,2024-03-04,field_4,0.0838646395291809,0.0670430486944248,0.002247854248818,0.002895502405187,Moderate Stress,0.64
0.2479,0.2421,0.146,0.1764,0.2106,0.1931,0.2077,0.2128,0.2359,0.2209,0.2004,0.0450338198647205,0.056662933930571,-0.0496468099999999,0.495304,2024-03-09,field_4,0.0508771929824561,0.0397805212620027,0.0057857409481149,0.0052532986027177,Moderate Stress,0.665
0.2524,0.2374,0.1582,0.1854,0.2106,0.2128,0.2212,0.2323,0.2497,0.2399,0.2222,0.0736735001507386,0.0849446013469476,-0.04430434,0.081241,2024-03-14,field_4,0.056662933930571,0.0450338198647205,0.0282816674163765,0.0286396802860181,Moderate Stress,0.695
0.2671,0.258,0.1578,0.1856,0.2132,0.2125,0.2108,0.2248,0.2378,0.2309,0.2225,0.046119235095613,0.0545454545454545,-0.05656835,0.000362,2024-03-19,field_4,0.0861222668451583,0.0748816636920927,-0.0315768122997038,-0.0287624285964797,Moderate Stress,0.425
0.2823,0.2702,0.1686,0.1886,0.2172,0.2153,0.2243,0.2328,0.2382,0.2445,0.2334,0.0411152008771243,0.0461133069828722,-0.0632301899999999,0.000335,2024-04-08,field_4,0.0606334841628959,0.0525284202273618,-0.0145201771800237,-0.0114132193502375,Moderate Stress,0.66
0.3007,0.2882,0.1858,0.2084,0.2298,0.2384,0.2395,0.2604,0.2569,0.2657,0.2511,0.0545403316696184,0.0556811177316622,-0.0679107099999999,5.665376,2024-04-18,field_4,0.0540098199672667,0.0524934383202099,0.0016712977643955,0.0020468933494085,Moderate Stress,0.625
0.2906,0.2737,0.1614,0.1886,0.2259,0.2375,0.2375,0.2467,0.2416,0.2553,0.2496,0.0283086909484312,0.0335828877005347,-0.06332872,0.35261,2024-04-23,field_4,0.0556811177316622,0.0545403316696184,-0.0220982300311275,-0.0262316407211871,Moderate Stress,0.66
0.2979,0.2803,0.1542,0.1814,0.2168,0.217,0.2221,0.2343,0.2374,0.2467,0.2419,0.0372729246580299,0.0453544693967414,-0.0581224699999999,0.000348,2024-05-08,field_4,0.0335828877005347,0.0283086909484312,0.0117715816962067,0.0089642337095986,Moderate Stress,0.77
0.2856,0.2678,0.1498,0.1726,0.1968,0.2094,0.2159,0.2283,0.2328,0.2444,0.2357,0.0697620339508565,0.0837988826815642,-0.04605598,0.130875,2024-05-13,field_4,0.0885836096636664,0.0741651463472673,-0.0047847269821022,-0.0044031123964108,Moderate Stress,0.705
0.2898,0.2753,0.1506,0.1798,0.2054,0.2203,0.2251,0.241,0.23,0.2467,0.2365,0.046139995498537,0.0564997703261369,-0.0556493199999999,3e-06,2024-05-18,field_4,0.062267657992565,0.050627172434638,-0.0057678876664281,-0.0044871769361009,Moderate Stress,0.755
0.308,0.2831,0.1488,0.1898,0.2214,0.2353,0.2312,0.2424,0.2409,0.273,0.248,0.0335443473474162,0.0421804023361453,-0.0582540799999999,0.011075,2024-05-23,field_4,0.050131926121372,0.0400477762945268,-0.0079515237852267,-0.0065034289471106,Moderate Stress,0.755
0.3156,0.3079,0.1664,0.1976,0.24,0.2536,0.2557,0.2571,0.2652,0.2662,0.2636,0.0432335986824045,0.0498812351543942,-0.06117956,0.000541,2024-05-28,field_4,0.0671099106586329,0.0566150178784267,-0.0172286755042386,-0.0133814191960221,Moderate Stress,0.66
0.3074,0.2864,0.1758,0.2096,0.248,0.2476,0.2422,0.2684,0.2544,0.2686,0.2628,0.0112367441533815,0.0127388535031847,-0.0761848399999999,1.413648,2024-06-02,field_4,0.0498812351543942,0.0432335986824045,-0.0371423816512094,-0.0319968545290229,Moderate Stress,0.425
0.3233,0.301,0.1939,0.2407,0.2568,0.2658,0.2598,0.2765,0.2754,0.2814,0.2719,0.0341422225485517,0.0349492671927846,-0.0797728799999999,14.751408,2024-06-07,field_4,0.0458302028549963,0.0442381608528537,-0.0108809356622116,-0.010095938304302,Moderate Stress,0.485
0.313,0.2898,0.1722,0.2116,0.2345,0.255,0.25,0.259,0.2636,0.2808,0.2664,0.0527517946486839,0.0584220036137321,-0.0617431999999999,0.20277,2024-06-12,field_4,0.0349492671927846,0.0341422225485517,0.0234727364209474,0.0186095721001321,Moderate Stress,0.59
0.3365,0.3122,0.224,0.2378,0.2714,0.2889,0.2796,0.2981,0.2736,0.3064,0.2759,0.0045008183306055,0.0040366972477063,-0.09800911,6.899649,2024-06-17,field_4,0.0482115085536547,0.044849537037037,-0.0441748113059483,-0.0403487187064314,Stable,0.525
0.3206,0.2938,0.274,0.2668,0.2707,0.2756,0.2438,0.2438,0.2476,0.2767,0.3396,-0.0707027424094025,-0.0445687825583638,-0.13647398,18.43027,2024-06-22,field_4,0.0285603264037303,0.0296562298256939,-0.0731291089620941,-0.1003589722350964,Stable,0.74
0.1716,0.146,0.187,0.1808,0.1716,0.177,0.1726,0.183,0.1482,0.194,0.185,-0.0754546627112086,-0.0731707317073171,-0.09541834,14.80013,2024-08-31,field_4,-0.0445687825583638,-0.0707027424094025,-0.0286019491489532,-0.0047519203018061,Stable,0.655
0.3345,0.2696,0.261,0.2878,0.2808,0.3126,0.3487,0.3686,0.349,0.3796,0.3217,0.1584130818545015,0.10828834550651,-0.0645708499999999,8.940335,2024-09-15,field_4,-0.0731707317073171,-0.0754546627112086,0.1814590772138271,0.2338677445657101,Moderate Stress,0.415
0.2506,0.2237,0.1568,0.1612,0.1788,0.1839,0.1862,0.2098,0.1978,0.2195,0.2098,0.0433948474328521,0.0504514073287307,-0.0564514999999999,14.26283,2024-09-20,field_4,0.10828834550651,0.1584130818545015,-0.0578369381777793,-0.1150182344216494,Stable,0.61
0.2636,0.2415,0.1378,0.1544,0.1776,0.1957,0.2107,0.2238,0.2191,0.2437,0.2229,0.0829203964194373,0.1046130577262415,-0.0349977799999999,0.02275,2024-10-05,field_4,0.0504514073287307,0.0433948474328521,0.0541616503975107,0.0395255489865851,Moderate Stress,0.61
0.2604,0.2401,0.1454,0.1848,0.208,0.1998,0.2188,0.2279,0.2296,0.238,0.227,0.0389301420229254,0.0493601462522851,-0.05347234,3e-05,2024-10-10,field_4,0.0842779694430753,0.0674130726168887,-0.0349178231907902,-0.0284829305939632,Moderate Stress,0.435
0.2654,0.2464,0.1454,0.1634,0.2014,0.2054,0.2088,0.2238,0.2228,0.235,0.2249,0.0399045274856417,0.0504479019330503,-0.05029652,0.000418,2024-10-15,field_4,0.0424324937599273,0.0338473790906458,0.008015408173123,0.0060571483949959,Moderate Stress,0.705
0.2612,0.2363,0.1516,0.1754,0.197,0.1978,0.2066,0.2207,0.2325,0.2218,0.2134,0.0694716242661448,0.0826542491268917,-0.0442670399999999,0.531169,2024-10-20,field_4,0.0822550831792976,0.0688961139495278,0.0003991659475941,0.000575510316617,Moderate Stress,0.735
0.2541,0.2346,0.1066,0.1344,0.1594,0.1963,0.1955,0.2138,0.2072,0.2244,0.2128,0.0876035481269701,0.1303873431533006,-0.0193164499999999,9.3e-05,2024-10-25,field_4,0.0826542491268917,0.0694716242661448,0.0477330940264088,0.0181319238608253,Moderate Stress,0.645
0.2554,0.2344,0.1496,0.179,0.2106,0.2044,0.2041,0.2215,0.2355,0.2282,0.2126,0.0452036889114806,0.0558170813718897,-0.0498554999999999,2.3e-05,2024-10-30,field_4,0.0672768878718535,0.0541237113402062,-0.0114598064999638,-0.0089200224287255,Moderate Stress,0.64
0.2701,0.2462,0.1768,0.2026,0.2174,0.2254,0.2308,0.2436,0.2446,0.2509,0.239,0.0556009811937857,0.0588744588744588,-0.0615063099999999,0.008066,2024-11-04,field_4,0.061012548680225,0.0603234362967399,-0.0021380898057661,-0.0047224551029541,Moderate Stress,0.555
0.2364,0.217,0.147,0.1568,0.1738,0.1985,0.2072,0.2122,0.2094,0.2222,0.2138,0.0774114986518221,0.0929018789144049,-0.0412830599999999,0.000199,2024-11-09,field_4,0.0588744588744588,0.0556009811937857,0.0340274200399461,0.0218105174580364,Moderate Stress,0.72
0.2461,0.219,0.2008,0.22,0.2252,0.2341,0.2386,0.2556,0.2494,0.2551,0.2439,0.0552713319934222,0.0509903076274757,-0.07086859,2.204906,2024-11-14,field_4,0.0947651006711409,0.0603418803418803,-0.0437747930436651,-0.005070548348458,Stable,0.555
0.2283,0.2081,0.2652,0.268,0.2604,0.2683,0.271,0.27,0.2686,0.2621,0.2603,0.0243467933491685,0.015500945179584,-0.10611161,0.330331,2024-11-19,field_4,0.0564448188711036,0.0593287877446205,-0.0409438736915195,-0.034981994395452,Stable,0.525
0.2357,0.2213,0.144,0.1594,0.1816,0.1821,0.1855,0.2018,0.2238,0.2122,0.1965,0.0855359169774606,0.1040947212629501,-0.03552719,0.000123,2024-11-24,field_4,0.015500945179584,0.0243467933491685,0.088593776083366,0.061189123628292,Moderate Stress,0.56
0.2193,0.2051,0.1062,0.135,0.155,0.1817,0.1809,0.1947,0.1926,0.2,0.1941,0.0708845486765704,0.1081703107019563,-0.0253186499999999,0.000146,2024-11-29,field_4,0.1094640820980616,0.0710953121528549,-0.0012937713961052,-0.0002107634762845,Moderate Stress,0.655
0.2309,0.2177,0.1434,0.1766,0.1952,0.1698,0.1895,0.1939,0.2316,0.1891,0.1928,0.068560235063663,0.085285848172446,-0.04099505,0.000494,2024-12-04,field_4,0.0858468677494199,0.0677903994137046,-0.0005610195769738,0.0007698356499583,Moderate Stress,0.565
0.2184,0.1958,0.139,0.1644,0.1848,0.1752,0.1941,0.1948,0.2255,0.205,0.2004,0.0787660628580275,0.099195710455764,-0.0329035399999999,0.000232,2024-12-09,field_4,0.0986188514659559,0.0778977185729597,0.0005768589898081,0.0008683442850677,Moderate Stress,0.64
0.2218,0.2159,0.1292,0.1614,0.1932,0.1599,0.1803,0.1818,0.2263,0.197,0.1863,0.0584186374867631,0.0789034564958283,-0.0362560999999999,0.023527,2024-12-14,field_4,0.0798872180451128,0.0643159806295399,-0.0009837615492844,-0.0058973431427768,Moderate Stress,0.495
0.2201,0.2053,0.1354,0.152,0.1746,0.1825,0.189,0.1929,0.2156,0.1995,0.2074,0.0821511581309609,0.1050743208610969,-0.0319087299999999,0.013218,2024-12-19,field_4,0.1027190332326284,0.079118833385045,0.0023552876284684,0.0030323247459159,Moderate Stress,0.62
0.2538,0.2289,0.1072,0.1294,0.1628,0.1936,0.2074,0.2212,0.2244,0.2247,0.2307,0.1102204408817635,0.1590909090909091,-0.0067121799999999,0.000508,2024-02-28,field_5,0.1726582278481012,0.1131386861313868,-0.013567318757192,-0.0029182452496232,Moderate Stress,0.645
0.2371,0.2079,0.1052,0.1454,0.169,0.167,0.2088,0.2268,0.2502,0.2199,0.2305,0.1376084598698481,0.1937022900763359,0.00758331,15.682623,2024-03-04,field_5,0.1590909090909091,0.1102204408817635,0.0346113809854267,0.0273880189880846,Moderate Stress,0.57
0.2615,0.2403,0.1124,0.1384,0.1688,0.1956,0.2255,0.2397,0.2472,0.2454,0.2454,0.1383203952011291,0.1884615384615384,0.00162227,2.003109,2024-03-09,field_5,0.1937022900763359,0.1376084598698481,-0.0052407516147974,0.0007119353312809,Moderate Stress,0.585
0.2542,0.2336,0.0872,0.1216,0.1544,0.1793,0.2104,0.233,0.2264,0.2452,0.2367,0.1200960768614892,0.1890756302521008,0.00634934,0.081241,2024-03-14,field_5,0.1884615384615384,0.1383203952011291,0.0006140917905624,-0.0182243183396399,Moderate Stress,0.395
0.2758,0.2547,0.0952,0.1348,0.1688,0.208,0.2309,0.2473,0.251,0.2506,0.2493,0.132597754548974,0.1958075273939971,0.0090245399999999,0.000362,2024-03-19,field_5,0.1890756302521008,0.1200960768614892,0.0067318971418962,0.0125016776874848,Moderate Stress,0.53
0.278,0.2663,0.128,0.1546,0.1842,0.2021,0.234,0.2446,0.2542,0.2637,0.2603,0.125053594397599,0.1596715328467154,-0.0131663999999999,0.000368,2024-04-08,field_5,0.1958075273939971,0.132597754548974,-0.0361359945472817,-0.007544160151375,Moderate Stress,0.44
0.2896,0.2609,0.1136,0.1532,0.1935,0.2002,0.2467,0.2599,0.2542,0.268,0.2726,0.0970765097236438,0.1355818628545901,-0.0119400799999999,13.275427,2024-04-18,field_5,0.1596715328467154,0.125053594397599,-0.0240896699921252,-0.0279770846739551,Moderate Stress,0.565
0.2968,0.2764,0.1156,0.151,0.1838,0.2087,0.2331,0.2576,0.2598,0.2759,0.2693,0.1270393153249532,0.1713255184851217,-0.0046368799999999,0.000348,2024-05-08,field_5,0.1355818628545901,0.0970765097236438,0.0357436556305315,0.0299628056013093,Moderate Stress,0.665
0.2901,0.2585,0.1488,0.1732,0.1916,0.2154,0.2327,0.2492,0.2424,0.2615,0.2619,0.0995297805642632,0.1170506912442395,-0.03428595,3.504587,2024-05-13,field_5,0.1713255184851217,0.1270393153249532,-0.0542748272408821,-0.0275095347606899,Stable,0.52
0.2828,0.2689,0.1256,0.1548,0.1798,0.2117,0.2291,0.2474,0.2408,0.2587,0.2607,0.1106997677119628,0.1450309082263433,-0.0199482799999999,0.000355,2024-05-18,field_5,0.1170506912442395,0.0995297805642632,0.0279802169821037,0.0111699871476995,Moderate Stress,0.665
0.2948,0.2655,0.103,0.147,0.1804,0.217,0.2325,0.2525,0.246,0.2678,0.2652,0.1054052316986953,0.1538461538461538,-0.0065458199999999,0.025355,2024-05-23,field_5,0.1450309082263433,0.1106997677119628,0.0088152456198105,-0.0052945360132675,Moderate Stress,0.6
0.2884,0.2744,0.1174,0.1502,0.1798,0.2102,0.2303,0.2521,0.2534,0.2613,0.2678,0.1267479506785148,0.1698984302862419,-0.0077362199999999,0.000677,2024-05-28,field_5,0.1538461538461538,0.1054052316986953,0.016052276440088,0.0213427189798195,Moderate Stress,0.735
0.285,0.2524,0.0929,0.1412,0.1824,0.2182,0.2402,0.2575,0.2442,0.2667,0.2849,0.0941011663672077,0.1448663853727144,-0.0031527499999999,1.413648,2024-06-02,field_5,0.1698984302862419,0.1267479506785148,-0.0250320449135274,-0.0326467843113071,Moderate Stress,0.45
0.3154,0.2895,0.1152,0.1924,0.2304,0.2458,0.2698,0.295,0.2928,0.3063,0.3004,0.0861307420494699,0.1192660550458715,-0.01662478,17.127565,2024-06-07,field_5,0.1448663853727144,0.0941011663672077,-0.0256003303268429,-0.0079704243177377,Moderate Stress,0.5
0.3044,0.2821,0.1284,0.1692,0.2116,0.2297,0.2503,0.2742,0.27,0.2839,0.2858,0.0926043384498287,0.1212624584717608,-0.0208558399999999,0.20277,2024-06-12,field_5,0.1192660550458715,0.0861307420494699,0.0019964034258892,0.0064735964003588,Moderate Stress,0.76
0.3194,0.2957,0.1262,0.181,0.2249,0.2579,0.2718,0.2989,0.288,0.3064,0.2949,0.0932935123307114,0.123025930980698,-0.0183107199999999,6.899649,2024-06-17,field_5,0.1212624584717608,0.0926043384498287,0.0017634725089372,0.0006891738808827,Moderate Stress,0.715
0.1239,0.0833,0.0648,0.0777,0.0847,0.1101,0.1367,0.1685,0.1548,0.173,0.1777,0.1488954970263382,0.2926931106471817,0.02419185,8.940335,2024-09-15,field_5,0.123025930980698,0.0932935123307114,0.1696671796664837,0.0556019846956267,High Stress,0.44
0.2319,0.1806,0.0914,0.113,0.1212,0.1587,0.2283,0.2625,0.2171,0.2585,0.2723,0.190459167461074,0.2834762045521726,0.02537733,0.02275,2024-10-05,field_5,0.2926931106471817,0.1488954970263382,-0.009216906095009,0.0415636704347358,Moderate Stress,0.415
0.2467,0.2065,0.0894,0.1262,0.1398,0.1825,0.2346,0.2443,0.2396,0.277,0.2658,0.177214290787698,0.2630469161834475,0.02593081,3e-05,2024-10-10,field_5,0.2834762045521726,0.190459167461074,-0.020429288368725,-0.013244876673376,Stable,0.355
0.2442,0.2097,0.0994,0.1356,0.1542,0.1722,0.2275,0.2587,0.2517,0.2699,0.2657,0.1702878300964091,0.2402069475240207,0.0210062,0.000418,2024-10-15,field_5,0.2630469161834475,0.177214290787698,-0.0228399686594268,-0.0069264606912888,Moderate Stress,0.395
0.2512,0.2127,0.1182,0.1512,0.1674,0.1915,0.2339,0.2545,0.2603,0.2623,0.258,0.1685169061094181,0.2172083235913023,0.0108007,2.06503,2024-10-20,field_5,0.2402069475240207,0.1702878300964091,-0.0229986239327184,-0.001770923986991,Stable,0.495
0.2621,0.2255,0.1196,0.1408,0.1748,0.1615,0.2385,0.2607,0.2888,0.27,0.2646,0.1978342357351104,0.2459016393442622,0.02835793,9.3e-05,2024-10-25,field_5,0.2172083235913023,0.1685169061094181,0.0286933157529599,0.0293173296256922,Moderate Stress,0.415
0.2001,0.1697,0.068,0.1019,0.117,0.1441,0.1861,0.2085,0.1916,0.23,0.2291,0.1347932928592078,0.2417368762151652,0.01816623,4.6e-05,2024-10-30,field_5,0.2459016393442622,0.1978342357351104,-0.0041647631290969,-0.0630409428759025,Stable,0.475
0.2281,0.2034,0.1646,0.1766,0.1854,0.2059,0.2272,0.2519,0.245,0.254,0.2555,0.1326921364324517,0.1384758364312268,-0.0300648099999999,0.019061,2024-11-04,field_5,0.2417368762151652,0.1347932928592078,-0.1032610397839384,-0.0021011564267561,Stable,0.915
0.2197,0.1914,0.135,0.147,0.1592,0.1827,0.2134,0.2309,0.215,0.2422,0.2305,0.1204975382223373,0.1491181186531266,-0.02045309,0.000199,2024-11-09,field_5,0.1384758364312268,0.1326921364324517,0.0106422822218998,-0.0121945982101143,Moderate Stress,0.45
0.2319,0.2033,0.1636,0.182,0.1934,0.2151,0.2269,0.2376,0.238,0.2386,0.2403,0.0951852484206931,0.1033843300880853,-0.0402282899999999,2.204906,2024-11-14,field_5,0.1491181186531266,0.1204975382223373,-0.0457337885650413,-0.0253122898016441,Stable,0.475
0.2187,0.189,0.2518,0.2558,0.2518,0.2633,0.2637,0.2628,0.269,0.2578,0.261,0.0482441377762818,0.0330261136712749,-0.09186359,0.330331,2024-11-19,field_5,0.1033843300880853,0.0951852484206931,-0.0703582164168103,-0.0469411106444113,Stable,0.745
0.2192,0.1914,0.1084,0.1252,0.1476,0.1693,0.1845,0.2018,0.2107,0.2067,0.2055,0.1229252707862541,0.1761094055260954,-0.00420512,0.000123,2024-11-24,field_5,0.0330261136712749,0.0482441377762818,0.1430832918548204,0.0746811330099723,High Stress,0.475
0.2247,0.1963,0.1074,0.1384,0.1686,0.1673,0.1905,0.2175,0.2393,0.2354,0.2103,0.1222844887228449,0.1733267957832802,0.00190457,0.000302,2024-11-29,field_5,0.1761094055260954,0.1229252707862541,-0.0027826097428151,-0.0006407820634092,Moderate Stress,0.465
0.2169,0.1973,0.0875,0.121,0.1412,0.1503,0.19,0.1981,0.2034,0.2061,0.1899,0.1115214974719402,0.1804991294254207,9.340000000010453e-06,0.000866,2024-12-04,field_5,0.1733267957832802,0.1222844887228449,0.0071723336421404,-0.0107629912509046,Moderate Stress,0.455
0.2177,0.1896,0.115,0.1418,0.1638,0.1866,0.2085,0.2209,0.2243,0.2269,0.2188,0.1124869849769448,0.1558876578201494,-0.0088890099999999,0.001798,2024-12-09,field_5,0.1804991294254207,0.1115214974719402,-0.0246114716052712,0.0009654875050045,Moderate Stress,0.52
0.2102,0.1977,0.098,0.1278,0.1456,0.1551,0.1897,0.199,0.2097,0.2034,0.1932,0.1188533709115181,0.1804109203490008,-0.00307582,0.023527,2024-12-14,field_5,0.2002012072434607,0.1489409475338672,-0.0197902868944599,-0.030087576622349,Moderate Stress,0.42
0.2276,0.1943,0.1462,0.1678,0.1812,0.212,0.2236,0.2298,0.2372,0.2399,0.2337,0.1140157993321932,0.1338432122370937,-0.0244845399999999,0.029907,2024-12-19,field_5,0.1804109203490008,0.1188533709115181,-0.046567708111907,-0.0048375715793249,Stable,0.505
